FrameIndex,GetImageDuration_ms,UploadDrawDuration_ms,FlipDuration_ms,TotalLoopDuration_ms,SwapTimestamp_sec,InterFrameInterval_ms
0,0.000040,8.621946,0.113988,8.735974,0.008751,N/A
1,0.000034,2.417100,0.091087,2.508221,0.011709,2.957947
2,0.000019,2.882271,0.061026,2.943316,0.014666,2.957258
3,0.000025,0.540209,0.042082,0.582316,0.015263,0.596444
4,0.000026,0.670235,0.058186,0.728447,0.017395,2.132672
5,0.000026,14.749459,0.094090,14.843575,0.035678,18.282736
6,0.000025,1.123612,5.703537,6.827174,0.042517,6.839482
7,0.000026,0.552454,0.057767,0.610247,0.043232,0.714181
8,0.000020,0.476954,15.947504,16.424478,0.059663,16.430955
9,0.000035,2.533382,0.083488,2.616905,0.062287,2.624634
10,0.000025,0.864245,0.052458,0.916728,0.063218,0.930345
11,0.000026,0.730511,0.052542,0.783079,0.064009,0.791060
12,0.000021,0.534146,0.077748,0.611915,0.064628,0.619324
13,0.000015,0.485602,0.037373,0.522990,0.065157,0.529241
14,0.000015,0.436121,0.576612,1.012748,0.066176,1.018783
15,0.000015,0.478691,0.041721,0.520427,0.066703,0.526533
16,0.000030,0.526318,0.286377,0.812725,0.067523,0.820374
17,0.000025,0.816607,0.089491,0.906123,0.071740,4.217590
18,0.000027,0.512961,0.045590,0.558578,0.075559,3.818291
19,0.000027,0.568702,0.047167,0.615896,0.079783,4.223982
20,0.000021,0.481131,0.044689,0.525841,0.083859,4.076632
21,0.000025,0.800488,0.089975,0.890488,0.088391,4.531924
22,0.000020,0.489677,0.045735,0.535432,0.092202,3.811104
23,0.000015,0.473887,0.043283,0.517185,0.096351,4.148289
24,0.000020,0.616443,0.077906,0.694369,0.100695,4.344381
25,0.000021,1.006185,0.092882,1.099088,0.105268,4.572809
26,0.000020,0.570028,0.070369,0.640417,0.108974,3.706578
27,0.000027,0.534272,0.066784,0.601083,0.113102,4.127239
28,0.000026,0.684087,0.077931,0.762044,0.117429,4.327744
29,0.000024,0.964440,0.101517,1.065981,0.121900,4.470722
30,0.000021,0.586613,0.068876,0.655510,0.125656,3.756279
31,0.000026,0.573947,0.067456,0.641429,0.129809,4.152390
32,0.000033,0.721130,0.075050,0.796213,0.134131,4.321845
33,0.000021,0.959944,0.111933,1.071898,0.138573,4.442130
34,0.000019,0.565737,0.066844,0.632600,0.142300,3.727060
35,0.000020,0.561337,0.065276,0.626633,0.146461,4.160651
36,0.000026,0.560552,0.064001,0.624579,0.150625,4.164809
37,0.000026,0.899601,0.101733,1.001360,0.155169,4.543582
38,0.000027,0.591981,0.076416,0.668424,0.159003,3.833752
39,0.000020,0.532310,0.066215,0.598545,0.163099,4.096560
40,0.000026,0.539864,0.064514,0.604404,0.167272,4.172443
41,0.000020,0.821641,0.101539,0.923200,0.171757,4.485697
42,0.000020,0.553865,0.064278,0.618163,0.175619,3.861612
43,0.000019,0.623761,0.070455,0.694235,0.179862,4.242593
44,0.000027,0.540375,0.067778,0.608180,0.183942,4.080603
45,0.000026,1.054177,0.102708,1.156911,0.188659,4.716516
46,0.000021,0.539535,0.067755,0.607311,0.192275,3.616038
47,0.000021,0.540084,0.064671,0.604776,0.196439,4.164012
48,0.000026,0.763727,0.092639,0.856392,0.200858,4.418769
49,0.000026,0.880318,0.073683,0.954027,0.205122,4.264587
50,0.000027,0.554979,0.064015,0.619021,0.208953,3.830955
51,0.000032,0.539771,0.071813,0.611616,0.213113,4.160098
52,0.000026,0.543317,0.064223,0.607566,0.217275,4.161728
53,0.000032,0.570757,0.233905,0.804694,0.221639,4.363776
54,0.000026,0.583572,0.066849,0.650447,0.225651,4.012269
55,0.000026,0.555439,0.071253,0.626718,0.229794,4.143157
56,0.000030,4.036210,0.140764,4.177004,0.237511,7.717401
57,0.000029,1.049369,0.077709,1.127107,0.238661,1.149539
58,0.000021,0.666636,0.081047,0.747704,0.242415,3.754209
59,0.000025,0.569634,0.065650,0.635309,0.246470,4.054378
60,0.000020,0.601505,0.071930,0.673455,0.250674,4.204332
61,0.000026,0.585633,0.066492,0.652151,0.254819,4.145429
62,0.000026,0.563004,0.070622,0.633652,0.258968,4.148223
63,0.000026,0.594342,0.070290,0.664658,0.263165,4.197723
64,0.000025,0.789873,0.094342,0.884240,0.267551,4.386145
65,0.000020,0.624745,0.079551,0.704316,0.271538,3.986764
66,0.000021,0.593743,0.065146,0.658910,0.275660,4.121341
67,0.000019,0.646453,0.066965,0.713437,0.279881,4.221137
68,0.000020,0.603036,0.069503,0.672559,0.284006,4.125796
69,0.000020,0.571344,0.068420,0.639784,0.288140,4.133800
70,0.000015,0.597074,0.072664,0.669753,0.292337,4.196779
71,0.000014,0.632722,0.066875,0.699611,0.296533,4.196372
72,0.000015,0.764170,0.103090,0.867275,0.300868,4.334313
73,0.000023,1.764088,0.088688,1.852799,0.306021,5.152788
74,0.000033,0.726998,0.072024,0.799055,0.309133,3.112724
75,0.000020,0.614010,0.066775,0.680805,0.313182,4.048262
76,0.000026,0.759526,0.085834,0.845386,0.317513,4.331047
77,0.000027,0.574139,0.065465,0.639631,0.321474,3.960994
78,0.000025,0.540170,0.046571,0.586766,0.325587,4.113372
79,0.000020,0.471834,0.040629,0.512483,0.329679,4.092360
80,0.000032,0.597760,0.080838,0.678630,0.334012,4.332830
81,0.000026,0.519389,0.061799,0.581214,0.338082,4.069824
82,0.000026,0.478186,0.047282,0.525494,0.342192,4.110425
83,0.000025,0.477471,0.041168,0.518664,0.346352,4.159758
84,0.000026,0.520136,0.048198,0.568360,0.350569,4.216521
85,0.000025,0.444378,0.044216,0.488619,0.354656,4.086863
86,0.000036,0.462448,0.048076,0.510560,0.358844,4.188637
87,0.000026,0.496579,0.040496,0.537101,0.363037,4.193186
88,0.000018,0.451064,0.038479,0.489561,0.367156,4.119060
89,0.000019,0.429785,0.038560,0.468364,0.371302,4.145463
90,0.000019,0.451425,0.047068,0.498512,0.375499,4.196813
91,0.000020,0.476003,0.036464,0.512487,0.379679,4.180612
92,0.000032,0.442550,0.041228,0.483810,0.383817,4.138092
93,0.000034,0.521542,0.048989,0.570565,0.388071,4.253480
94,0.000026,0.442449,0.039814,0.482289,0.392149,4.078279
95,0.000027,0.466033,0.038659,0.504719,0.396338,4.189096
96,0.000015,0.490323,0.044399,0.534737,0.400535,4.196717
97,0.000026,0.618951,0.066884,0.685861,0.404853,4.318345
98,0.000026,0.497444,0.044649,0.542119,0.408876,4.022505
99,0.000027,0.465086,0.039435,0.504548,0.413005,4.128938
100,0.000026,0.441264,0.040494,0.481784,0.417149,4.143884
101,0.000032,0.452601,0.045922,0.498555,0.421332,4.183441
102,0.000026,0.455544,0.044696,0.500266,0.425500,4.168394
103,0.000026,0.477579,0.046429,0.524034,0.429691,4.190490
104,0.000025,0.460596,0.044746,0.505367,0.433839,4.147915
105,0.000035,0.637333,0.084502,0.721870,0.438223,4.383948
106,0.000026,0.463451,0.048737,0.512214,0.442179,3.956378
107,0.000019,0.489984,0.041455,0.531458,0.446365,4.185769
108,0.000020,0.435507,0.038306,0.473833,0.450474,4.109029
109,0.000019,0.475964,0.038384,0.514367,0.454681,4.207229
110,0.000015,0.497962,0.038259,0.536236,0.458870,4.188510
111,0.000026,0.498217,0.041872,0.540115,0.463040,4.170595
112,0.000027,0.547049,0.048711,0.595787,0.467263,4.222330
113,0.000025,0.481436,0.040536,0.521997,0.471356,4.092889
114,0.000019,0.442481,0.051301,0.493801,0.475494,4.138439
115,0.000026,0.453300,0.039238,0.492564,0.479659,4.165430
116,0.000018,0.461209,0.044432,0.505659,0.483839,4.179841
117,0.000025,0.483697,0.039644,0.523366,0.488024,4.184354
118,0.000020,0.474674,0.038859,0.513553,0.492180,4.156780
119,0.000015,8.153768,0.060472,8.214255,0.504048,11.867377
120,0.000024,0.696972,0.056341,0.753337,0.504811,0.763429
121,0.000024,0.721348,0.071602,0.792974,0.505613,0.801405
122,0.000032,0.608550,0.064750,0.673332,0.509007,3.394666
123,0.000021,0.554542,0.049502,0.604065,0.513104,4.097010
124,0.000026,0.544246,0.046468,0.590740,0.517258,4.153302
125,0.000025,0.555482,0.047549,0.603056,0.521437,4.178998
126,0.000026,0.507891,0.038738,0.546655,0.525547,4.110276
127,0.000019,0.486382,0.037818,0.524219,0.529691,4.144254
128,0.000020,0.511549,0.039858,0.551427,0.533885,4.193841
129,0.000015,0.547626,0.070379,0.618020,0.538118,4.233551
130,0.000015,0.543009,0.052107,0.595131,0.542262,4.143602
131,0.000019,0.494712,0.042730,0.537461,0.546371,4.108922
132,0.000019,0.508002,0.043035,0.551056,0.550551,4.180323
133,0.000019,0.497601,0.038054,0.535674,0.554703,4.151176
134,0.000020,0.531306,0.045425,0.576751,0.558910,4.207798
135,0.000020,0.531237,0.040304,0.571561,0.563072,4.161447
136,0.000025,0.486635,0.039508,0.526168,0.567193,4.121283
137,0.000019,0.468908,0.037304,0.506231,0.571340,4.146672
138,0.000025,0.470390,0.043456,0.513871,0.575514,4.174323
139,0.000024,0.472974,0.037816,0.510814,0.579678,4.163626
140,0.000024,0.492537,0.040008,0.532569,0.583866,4.188418
141,0.000034,0.506058,0.043981,0.550073,0.588050,4.184378
142,0.000025,0.511565,0.039867,0.551457,0.592218,4.167864
143,0.000025,0.482426,0.038288,0.520739,0.596354,4.135936
144,0.000026,0.493677,0.042167,0.535870,0.600536,4.181852
145,0.000019,0.521757,0.040199,0.561975,0.604729,4.192743
146,0.000020,0.585789,0.070980,0.656789,0.608991,4.261782
147,0.000026,0.483454,0.045435,0.528915,0.613029,4.038703
148,0.000026,0.470283,0.037760,0.508069,0.617175,4.145639
149,0.000026,0.532271,0.041400,0.573697,0.621407,4.232274
150,0.000025,0.530215,0.038815,0.569055,0.625569,4.162030
151,0.000027,0.495392,0.042581,0.538000,0.629705,4.135583
152,0.000024,0.488168,0.038888,0.527080,0.633861,4.155724
153,0.000026,0.827808,0.077448,0.905282,0.638406,4.545374
154,0.000020,0.545920,0.042864,0.588804,0.642256,3.849775
155,0.000026,0.529080,0.038108,0.567214,0.646401,4.145015
156,0.000026,0.500615,0.041180,0.541821,0.650542,4.141305
157,0.000024,0.490698,0.038326,0.529048,0.654696,4.153839
158,0.000025,0.495751,0.038599,0.534375,0.658868,4.172009
159,0.000026,0.475359,0.039778,0.515163,0.663015,4.147449
160,0.000026,0.592441,0.041841,0.634308,0.667301,4.285849
161,0.000026,0.567650,0.039094,0.606770,0.671440,4.139084
162,0.000020,0.473881,0.051001,0.524902,0.675525,4.084791
163,0.000026,0.492403,0.041199,0.533628,0.679701,4.175501
164,0.000019,0.511104,0.039513,0.550636,0.683884,4.183566
165,0.000028,0.570965,0.039259,0.610252,0.688110,4.226319
166,0.000019,0.574220,0.037927,0.612166,0.692279,4.168542
167,0.000019,0.478594,0.036332,0.514945,0.696348,4.069438
168,0.000025,0.483766,0.039040,0.522831,0.700523,4.174568
169,0.000026,0.497134,0.038535,0.535695,0.704703,4.179565
170,0.000031,0.606539,0.078645,0.685215,0.709019,4.316863
171,0.000026,0.510431,0.042545,0.553002,0.713053,4.033854
172,0.000025,0.602272,0.041774,0.644071,0.717311,4.257658
173,0.000026,0.543926,0.038811,0.582763,0.721416,4.105355
174,0.000026,0.473064,0.048441,0.521531,0.725522,4.105414
175,0.000024,0.475513,0.038195,0.513732,0.729681,4.158843
176,0.000020,0.474049,0.038632,0.512701,0.733846,4.165631
177,0.000039,0.629833,0.078573,0.708445,0.738209,4.362591
178,0.000025,0.500763,0.055530,0.556318,0.742224,4.014752
179,0.000026,0.481552,0.053214,0.534792,0.746368,4.144778
180,0.000031,0.588680,0.049165,0.637876,0.750638,4.269862
181,0.000025,0.482714,0.040147,0.522886,0.754690,4.051595
182,0.000029,0.568239,0.054340,0.622608,0.758956,4.266432
183,0.000025,0.470452,0.039301,0.509778,0.763010,4.053798
184,0.000015,0.467595,0.039553,0.507163,0.767174,4.164056
185,0.000015,0.466209,0.037485,0.503709,0.771337,4.163206
186,0.000019,0.462163,0.058755,0.520937,0.775521,4.183866
187,0.000025,0.482314,0.037829,0.520168,0.779687,4.165905
188,0.000020,0.475912,0.040656,0.516588,0.783850,4.163125
189,0.000024,0.500643,0.039806,0.540473,0.788041,4.190555
190,0.000019,0.472871,0.038256,0.511146,0.792178,4.137298
191,0.000026,0.466846,0.037341,0.504213,0.796338,4.159748
192,0.000015,0.474700,0.048901,0.523616,0.800524,4.186073
193,0.000024,0.472556,0.038209,0.510789,0.804678,4.153854
194,0.000025,0.648377,0.071821,0.720223,0.809054,4.376389
195,0.000021,0.497584,0.046908,0.544513,0.813045,3.990773
196,0.000020,0.471635,0.038168,0.509823,0.817177,4.131869
197,0.000016,0.487123,0.049309,0.536448,0.821370,4.193324
198,0.000020,0.548371,0.045346,0.593737,0.825594,4.223908
199,0.000026,0.608190,0.070486,0.678702,0.829846,4.252308
200,0.000021,0.644889,0.063943,0.708853,0.834043,4.196462
201,0.000027,0.911943,0.127752,1.039722,0.838540,4.497508
202,0.000026,0.601138,0.069861,0.671025,0.842339,3.798276
203,0.000025,0.478673,0.041152,0.519850,0.846353,4.014882
204,0.000020,0.469805,0.047965,0.517790,0.850518,4.164634
205,0.000020,0.473899,0.040893,0.514812,0.854682,4.163683
206,0.000024,0.476314,0.039487,0.515825,0.858849,4.167665
207,0.000025,0.465372,0.038635,0.504032,0.863004,4.154874
208,0.000026,0.565162,0.047558,0.612746,0.867280,4.275415
209,0.000025,0.475403,0.038418,0.513846,0.871347,4.067724
210,0.000020,0.493974,0.038881,0.532875,0.875533,4.185716
211,0.000026,0.483880,0.040244,0.524150,0.879691,4.157934
212,0.000019,0.470142,0.040463,0.510624,0.883844,4.153108
213,0.000015,0.466015,0.052497,0.518527,0.888019,4.174630
214,0.000026,0.466075,0.039333,0.505434,0.892172,4.153625
215,0.000020,0.472057,0.036673,0.508750,0.896342,4.169871
216,0.000019,0.466665,0.047772,0.514456,0.900515,4.172403
217,0.000026,0.479320,0.039731,0.519077,0.904686,4.171279
218,0.000025,0.550322,0.056394,0.606741,0.908940,4.254420
219,0.000033,0.585130,0.075856,0.661019,0.913162,4.221582
220,0.000021,0.672335,0.088714,0.761070,0.917429,4.266688
221,0.000025,0.493272,0.048893,0.542190,0.921376,3.947319
222,0.000020,0.498275,0.039034,0.537329,0.925538,4.161575
223,0.000020,0.537876,0.038761,0.576657,0.929744,4.205993
224,0.000026,0.506594,0.042758,0.549378,0.933883,4.139460
225,0.000020,0.485652,0.044062,0.529734,0.938030,4.147113
226,0.000027,2.064986,0.120021,2.185034,0.943853,5.822749
227,0.000027,0.610522,0.104514,0.715063,0.946549,2.696302
228,0.000027,0.527309,0.078093,0.605429,0.950606,4.056923
229,0.000027,0.470254,0.043018,0.513299,0.954680,4.074248
230,0.000026,0.519939,0.047881,0.567846,0.958901,4.221132
231,0.000019,0.448631,0.043062,0.491712,0.962992,4.090555
232,0.000020,0.540447,0.040831,0.581298,0.967248,4.256163
233,0.000020,0.491921,0.040965,0.532906,0.971367,4.118344
234,0.000024,0.467996,0.049432,0.517452,0.975518,4.151206
235,0.000020,0.525461,0.041755,0.567236,0.979734,4.216414
236,0.000033,0.525752,0.042648,0.568433,0.983902,4.167848
237,0.000026,0.499284,0.045150,0.544460,0.988045,4.142716
238,0.000020,0.469379,0.042203,0.511602,0.992179,4.133823
239,0.000025,0.473329,0.039809,0.513163,0.996347,4.168264
240,0.000025,0.501819,0.042860,0.544704,1.000545,4.198179
241,0.000025,0.528526,0.038284,0.566835,1.004734,4.188783
242,0.000026,0.497358,0.040042,0.537426,1.008871,4.137248
243,0.000027,0.494556,0.038856,0.533439,1.013034,4.162749
244,0.000020,0.547216,0.067116,0.614352,1.017282,4.248079
245,0.000027,0.516308,0.046088,0.562423,1.021396,4.114219
246,0.000027,0.494687,0.040685,0.535399,1.025536,4.139637
247,0.000026,0.489781,0.046743,0.536550,1.029704,4.167831
248,0.000026,0.460452,0.041940,0.502418,1.033836,4.132531
249,0.000025,0.530374,0.042590,0.572989,1.038073,4.237271
250,0.000026,0.462672,0.042230,0.504928,1.042172,4.098542
251,0.000026,0.549598,0.071463,0.621087,1.046455,4.283270
252,0.000020,0.499177,0.044577,0.543774,1.050544,4.088999
253,0.000020,0.464321,0.038939,0.503280,1.054670,4.126174
254,0.000020,0.496695,0.040654,0.537369,1.058871,4.200667
255,0.000020,0.585195,0.047113,0.632328,1.063133,4.261649
256,0.000026,0.526984,0.046949,0.573959,1.067241,4.108264
257,0.000024,0.463249,0.042767,0.506040,1.071340,4.098831
258,0.000025,0.457740,0.050452,0.508217,1.075509,4.168797
259,0.000025,0.473166,0.043341,0.516532,1.079684,4.175063
260,0.000025,0.497155,0.042061,0.539241,1.083873,4.189230
261,0.000019,0.497261,0.040002,0.537282,1.088038,4.164726
262,0.000019,0.458259,0.039162,0.497440,1.092164,4.126822
263,0.000019,0.478243,0.037867,0.516129,1.096350,4.185330
264,0.000025,0.469418,0.049221,0.518664,1.100519,4.169203
265,0.000033,0.478245,0.040711,0.518989,1.104686,4.167104
266,0.000019,0.498920,0.043765,0.542704,1.108876,4.190431
267,0.000025,0.452546,0.039730,0.492301,1.112993,4.116114
268,0.000020,0.726353,0.097040,0.823413,1.117491,4.498084
269,0.000026,0.515267,0.046289,0.561582,1.121395,3.904626
270,0.000019,0.507455,0.040465,0.547939,1.125548,4.152980
271,0.000020,0.450722,0.039127,0.489869,1.129657,4.108546
272,0.000015,0.458943,0.038044,0.497002,1.133831,4.173842
273,0.000019,0.528663,0.039746,0.568428,1.138069,4.238039
274,0.000019,0.468024,0.036599,0.504642,1.142172,4.102950
275,0.000020,0.662441,0.087817,0.750278,1.146585,4.412972
276,0.000027,0.532470,0.050192,0.582689,1.150583,3.998524
277,0.000024,0.467121,0.039079,0.506224,1.154673,4.090130
278,0.000026,0.481976,0.041046,0.523048,1.158857,4.183463
279,0.000025,0.448154,0.038109,0.486288,1.162987,4.129870
280,0.000019,0.437082,0.037878,0.474979,1.167142,4.155347
281,0.000018,0.435492,0.038157,0.473667,1.171307,4.165325
282,0.000019,0.449357,0.048075,0.497451,1.175498,4.190476
283,0.000015,0.445811,0.038330,0.484156,1.179651,4.153380
284,0.000032,0.527343,0.039442,0.566817,1.183900,4.249323
285,0.000025,0.531141,0.042443,0.573609,1.188074,4.173479
286,0.000020,0.452408,0.038539,0.490967,1.192158,4.083997
287,0.000025,0.440665,0.038299,0.478989,1.196313,4.154676
288,0.000025,0.455028,0.049233,0.504286,1.200505,4.192004
289,0.000020,0.468269,0.038415,0.506704,1.204674,4.169067
290,0.000020,0.442732,0.038382,0.481134,1.208815,4.141050
291,0.000019,0.500732,0.038056,0.538807,1.213039,4.224379
292,0.000025,0.636899,0.077153,0.714077,1.217381,4.342088
293,0.000025,0.527949,0.052814,0.580788,1.221415,4.033428
294,0.000026,0.556407,0.044384,0.600817,1.225601,4.186484
295,0.000026,0.537597,0.043772,0.581395,1.229748,4.147248
296,0.000019,0.513088,0.041345,0.554452,1.233888,4.139741
297,0.000033,0.625104,0.052439,0.677576,1.238178,4.289818
298,0.000026,0.493294,0.037099,0.530419,1.242197,4.019470
299,0.000025,0.637867,0.084207,0.722099,1.246556,4.358636
300,0.000027,0.543469,0.039075,0.582571,1.250583,4.026942
301,0.000024,0.552974,0.038532,0.591530,1.254758,4.175528
302,0.000018,0.594803,0.039026,0.633847,1.258967,4.208980
303,0.000019,0.627946,0.036984,0.664949,1.263165,4.197782
304,0.000020,0.647997,0.040223,0.688240,1.267355,4.189990
305,0.000019,0.516200,0.040086,0.556305,1.271390,4.034766
306,0.000026,0.500326,0.038760,0.539112,1.275539,4.149419
307,0.000025,0.490920,0.040443,0.531388,1.279698,4.159044
308,0.000025,0.452313,0.038212,0.490550,1.283824,4.125710
309,0.000025,0.436007,0.038179,0.474211,1.287974,4.150332
310,0.000025,0.516353,0.038934,0.555312,1.292222,4.247764
311,0.000025,0.470480,0.037785,0.508290,1.296342,4.119649
312,0.000020,0.457490,0.047591,0.505101,1.300505,4.163483
313,0.000020,0.452889,0.039383,0.492292,1.304659,4.153852
314,0.000025,0.463636,0.041508,0.505169,1.308839,4.179540
315,0.000018,0.432726,0.038711,0.471455,1.312972,4.132910
316,0.000021,0.451477,0.051691,0.503189,1.317170,4.198434
317,0.000019,0.529419,0.073355,0.602793,1.321437,4.266878
318,0.000026,0.463289,0.055485,0.518800,1.325519,4.082095
319,0.000025,0.457205,0.038084,0.495314,1.329662,4.143194
320,0.000019,0.454166,0.040681,0.494866,1.333828,4.166167
321,0.000020,0.441211,0.038373,0.479604,1.337980,4.151409
322,0.000019,0.441539,0.039327,0.480885,1.342148,4.167958
323,0.000020,0.570235,0.103015,0.673270,1.346507,4.359077
324,0.000026,0.527772,0.069490,0.597288,1.350598,4.091179
325,0.000024,0.467529,0.041230,0.508783,1.354676,4.077633
326,0.000019,0.477343,0.041729,0.519091,1.358853,4.176991
327,0.000025,0.438195,0.040320,0.478540,1.362979,4.126141
328,0.000025,0.437589,0.038868,0.476482,1.367143,4.164604
329,0.000014,0.452567,0.037638,0.490219,1.371324,4.180377
330,0.000026,0.441866,0.049528,0.491420,1.375492,4.167856
331,0.000025,0.439354,0.039208,0.478587,1.379646,4.153867
332,0.000020,0.448151,0.038997,0.487168,1.383821,4.175247
333,0.000025,0.502002,0.039852,0.541879,1.388042,4.221351
334,0.000026,0.458823,0.040249,0.499098,1.392166,4.123881
335,0.000025,0.457032,0.038327,0.495384,1.396329,4.163006
336,0.000035,0.471293,0.049241,0.520569,1.400521,4.191964
337,0.000025,0.464705,0.040308,0.505038,1.404672,4.151050
338,0.000019,0.470942,0.039669,0.510630,1.408844,4.172229
339,0.000019,0.439049,0.039618,0.478686,1.412979,4.134711
340,0.000024,0.433769,0.038890,0.472683,1.417140,4.160712
341,0.000023,1.037113,0.138322,1.175458,1.422011,4.870837
342,0.000019,0.567223,0.071370,0.638612,1.425639,3.628944
343,0.000027,0.515058,0.055540,0.570625,1.429738,4.098221
344,0.000024,0.473499,0.042910,0.516433,1.433850,4.112362
345,0.000025,0.510373,0.043817,0.554215,1.438054,4.204432
346,0.000025,0.449278,0.039847,0.489150,1.442156,4.101612
347,0.000026,0.439377,0.038271,0.477674,1.446311,4.155199
348,0.000026,0.543499,0.072716,0.616241,1.450617,4.305555
349,0.000026,0.473559,0.045661,0.519246,1.454686,4.069382
350,0.000025,0.466354,0.040582,0.506961,1.458841,4.154333
351,0.000026,0.448391,0.039186,0.487603,1.462988,4.147299
352,0.000026,0.544236,0.040916,0.585178,1.467252,4.264282
353,0.000025,0.448352,0.042967,0.491344,1.471325,4.072839
354,0.000024,0.445099,0.049172,0.494295,1.475495,4.169608
355,0.000026,0.485448,0.041908,0.527382,1.479694,4.199784
356,0.000024,0.470794,0.038959,0.509777,1.483843,4.148996
357,0.000025,0.458487,0.036975,0.495487,1.487996,4.152350
358,0.000020,0.470394,0.038418,0.508832,1.492176,4.180043
359,0.000020,0.457348,0.038300,0.495668,1.496329,4.153520
360,0.000019,0.470912,0.040925,0.511856,1.500512,4.182825
361,0.000019,0.485248,0.039726,0.524993,1.504692,4.179829
362,0.000027,0.486537,0.042044,0.528608,1.508862,4.170301
363,0.000018,0.478522,0.038508,0.517048,1.513017,4.155061
364,0.000021,0.505034,0.040698,0.545753,1.517213,4.195410
365,0.000026,0.610295,0.101053,0.711374,1.521545,4.332419
366,0.000020,0.553433,0.064437,0.617890,1.525618,4.073362
367,0.000026,0.498948,0.043424,0.542398,1.529709,4.090835
368,0.000015,0.479709,0.037864,0.517588,1.533851,4.141851
369,0.000019,0.454221,0.038432,0.492672,1.537993,4.141752
370,0.000021,0.470533,0.037802,0.508356,1.542175,4.182367
371,0.000026,0.441057,0.039730,0.480813,1.546314,4.139146
372,0.000025,0.947930,0.120791,1.068746,1.551070,4.755071
373,0.000021,0.562845,0.071808,0.634674,1.554802,3.732709
374,0.000040,0.578498,0.057808,0.636346,1.558970,4.167975
375,0.000025,0.445185,0.037701,0.482911,1.562983,4.012988
376,0.000019,0.464022,0.038868,0.502909,1.567170,4.186646
377,0.000019,0.460627,0.038468,0.499114,1.571333,4.162910
378,0.000021,0.466864,0.047384,0.514269,1.575515,4.181779
379,0.000027,0.471553,0.039314,0.510894,1.579678,4.163368
380,0.000019,0.474996,0.038753,0.513768,1.583847,4.169476
381,0.000020,0.493927,0.042024,0.535971,1.588036,4.188901
382,0.000015,0.457755,0.037975,0.495745,1.592163,4.126417
383,0.000015,0.466831,0.037996,0.504842,1.596338,4.175778
384,0.000015,0.551535,0.040647,0.592197,1.600593,4.254099
385,0.000015,0.471317,0.037894,0.509226,1.604676,4.083583
386,0.000015,0.475929,0.037865,0.513809,1.608847,4.171307
387,0.000024,0.454697,0.037762,0.492483,1.612993,4.145283
388,0.000020,0.462220,0.037202,0.499442,1.617166,4.173637
389,0.000019,0.551307,0.051395,0.602721,1.621436,4.269966
390,0.000026,0.588325,0.072304,0.660655,1.625661,4.225130
391,0.000021,0.500216,0.047262,0.547499,1.629715,4.053085
392,0.000026,0.486213,0.039486,0.525725,1.633859,4.144863
393,0.000027,0.517039,0.038621,0.555687,1.638056,4.196576
394,0.000016,0.466452,0.038335,0.504803,1.642172,4.115780
395,0.000025,0.464529,0.036754,0.501308,1.646335,4.163141
396,0.000027,0.615989,0.077285,0.693301,1.650694,4.359287
397,0.000027,0.501750,0.047597,0.549374,1.654716,4.022300
398,0.000021,0.492028,0.038329,0.530378,1.658864,4.147557
399,0.000020,0.451021,0.037651,0.488692,1.662989,4.124917
400,0.000026,0.578216,0.041568,0.619810,1.667287,4.297890
401,0.000020,0.473620,0.039550,0.513190,1.671347,4.059994
402,0.000035,0.492063,0.041217,0.533315,1.675534,4.186905
403,0.000026,0.583314,0.045490,0.628830,1.679796,4.261988
404,0.000025,0.538517,0.040589,0.579131,1.683913,4.116986
405,0.000024,0.511102,0.043824,0.554950,1.688055,4.142459
406,0.000025,0.514581,0.043752,0.558358,1.692225,4.170103
407,0.000024,0.545696,0.044269,0.589989,1.696424,4.198310
408,0.000025,0.489624,0.039887,0.529536,1.700530,4.106178
409,0.000019,0.473154,0.038177,0.511350,1.704678,4.148475
410,0.000020,0.480667,0.038188,0.518875,1.708852,4.174224
411,0.000015,0.490671,0.037940,0.528626,1.713029,4.176422
412,0.000021,0.486767,0.037046,0.523834,1.717191,4.161857
413,0.000019,0.523940,0.038202,0.562161,1.721396,4.204989
414,0.000020,0.648974,0.069742,0.718736,1.725719,4.323607
415,0.000015,0.563855,0.044132,0.608002,1.729775,4.055546
416,0.000015,0.533511,0.038381,0.571907,1.733905,4.130598
417,0.000015,0.501648,0.037432,0.539095,1.738039,4.133822
418,0.000014,0.483513,0.038643,0.522170,1.742189,4.149772
419,0.000015,0.491276,0.037123,0.528414,1.746362,4.172931
420,0.000015,0.874022,0.077931,0.951968,1.750952,4.590198
421,0.000021,0.588202,0.065889,0.654112,1.754821,3.869121
422,0.000017,0.473956,0.046505,0.520478,1.758854,4.032791
423,0.000019,0.482605,0.038476,0.521100,1.763021,4.167278
424,0.000015,0.473877,0.037451,0.511343,1.767178,4.156824
425,0.000015,0.453445,0.037126,0.490586,1.771324,4.145904
426,0.000014,0.457352,0.041595,0.498961,1.775499,4.175111
427,0.000019,0.457963,0.035859,0.493841,1.779661,4.161503
428,0.000019,0.453464,0.037616,0.491099,1.783825,4.163940
429,0.000018,0.457075,0.036521,0.493614,1.787994,4.169206
430,0.000020,0.462474,0.038300,0.500794,1.792168,4.173835
431,0.000020,0.509452,0.038294,0.547766,1.796381,4.213637
432,0.000019,0.510625,0.039556,0.550200,1.800550,4.169083
433,0.000019,0.521812,0.038327,0.560158,1.804727,4.176657
434,0.000020,0.456084,0.037493,0.493597,1.808827,4.100088
435,0.000020,0.485539,0.037947,0.523506,1.813024,4.196543
436,0.000015,0.478423,0.037365,0.515803,1.817183,4.158996
437,0.000016,0.449849,0.036008,0.485873,1.821319,4.136717
438,0.000015,0.561957,0.066660,0.628632,1.825629,4.309784
439,0.000015,0.490800,0.043854,0.534669,1.829702,4.072456
440,0.000015,0.504559,0.041812,0.546386,1.833880,4.178357
441,0.000020,0.451698,0.038233,0.489951,1.837990,4.110159
442,0.000015,0.504676,0.037075,0.541766,1.842209,4.218477
443,0.000016,0.474798,0.037472,0.512286,1.846346,4.137213
444,0.000016,0.462267,0.042369,0.504652,1.850505,4.158993
445,0.000020,0.565907,0.065013,0.630940,1.854798,4.293236
446,0.000020,0.516539,0.043635,0.560194,1.858894,4.095752
447,0.000015,0.451178,0.037047,0.488240,1.862989,4.094659
448,0.000016,0.465011,0.036697,0.501724,1.867169,4.180125
449,0.000015,0.499083,0.038365,0.537463,1.871371,4.202404
450,0.000015,0.488416,0.037627,0.526058,1.875526,4.155237
451,0.000020,0.485164,0.036145,0.521329,1.879688,4.161935
452,0.000015,0.462058,0.037185,0.499258,1.883833,4.144598
453,0.000015,0.446964,0.036703,0.483682,1.887984,4.151121
454,0.000015,0.459775,0.035702,0.495492,1.892162,4.178457
455,0.000015,0.456913,0.036371,0.493299,1.896327,4.164475
456,0.000015,0.467794,0.042241,0.510050,1.900510,4.183402
457,0.000019,0.510471,0.038002,0.548492,1.904715,4.205143
458,0.000020,0.489949,0.037447,0.527416,1.908861,4.145597
459,0.000021,0.491575,0.039675,0.531271,1.913032,4.170571
460,0.000020,0.547187,0.041551,0.588758,1.917256,4.224114
461,0.000020,0.526318,0.037834,0.564172,1.921398,4.142143
462,0.000021,0.907788,0.109447,1.017256,1.926018,4.619996
463,0.000028,0.635067,0.086659,0.721754,1.929890,3.871659
464,0.000025,0.505692,0.048551,0.554268,1.933888,3.998653
465,0.000019,0.473412,0.042810,0.516241,1.938017,4.128362
466,0.000025,0.501818,0.043349,0.545192,1.942212,4.195593
467,0.000026,0.551506,0.044562,0.596094,1.946430,4.217603
468,0.000024,0.584593,0.055810,0.640427,1.950641,4.210975
469,0.000026,0.644818,0.079405,0.724249,1.954892,4.250962
470,0.000020,0.575214,0.050471,0.625705,1.958959,4.067826
471,0.000018,0.548696,0.040949,0.589663,1.963090,4.130493
472,0.000019,0.509509,0.038175,0.547703,1.967215,4.124690
473,0.000015,0.476194,0.038309,0.514518,1.971348,4.133462
474,0.000019,0.486645,0.038375,0.525039,1.975525,4.177202
475,0.000015,0.469629,0.036906,0.506550,1.979674,4.148182
476,0.000016,0.509390,0.037103,0.546509,1.983880,4.206608
477,0.000019,0.505769,0.037423,0.543211,1.988043,4.163332
478,0.000035,0.558283,0.048594,0.606912,1.992274,4.230554
479,0.000025,0.469109,0.040137,0.509271,1.996343,4.068876
480,0.000027,0.555282,0.040513,0.595822,2.000596,4.253270
481,0.000020,0.513815,0.038111,0.551946,2.004719,4.122795
482,0.000025,0.461441,0.037224,0.498690,2.008832,4.113367
483,0.000019,0.454293,0.037323,0.491635,2.012992,4.159635
484,0.000019,0.489898,0.037469,0.527386,2.017194,4.202420
485,0.000020,0.512371,0.037478,0.549869,2.021383,4.189109
486,0.000021,0.686564,0.070055,0.756640,2.025757,4.373826
487,0.000015,0.539833,0.045849,0.585697,2.029753,3.995306
488,0.000020,0.514226,0.047884,0.562130,2.033896,4.143238
489,0.000019,0.550523,0.042831,0.593373,2.038094,4.197939
490,0.000015,0.529901,0.059964,0.589880,2.042257,4.163363
491,0.000015,0.484752,0.056779,0.541546,2.046376,4.118452
492,0.000015,0.547721,0.041641,0.589377,2.050590,4.214060
493,0.000015,0.694359,0.061725,0.756099,2.054923,4.333447
494,0.000021,0.610419,0.067230,0.677670,2.059012,4.088429
495,0.000020,0.477776,0.045413,0.523209,2.063023,4.011952
496,0.000020,0.465521,0.037737,0.503278,2.067170,4.146738
497,0.000019,0.570547,0.041014,0.611580,2.071445,4.274993
498,0.000019,0.548919,0.038575,0.587513,2.075588,4.142591
499,0.000019,0.565385,0.046716,0.612120,2.079779,4.191306
500,0.000020,0.517148,0.037400,0.554568,2.083888,4.109082
501,0.000019,0.491821,0.037670,0.529510,2.088030,4.141621
502,0.000015,0.517188,0.037350,0.554553,2.092222,4.191735
503,0.000015,0.517006,0.037250,0.554271,2.096388,4.166355
504,0.000015,0.505096,0.036746,0.541857,2.100542,4.154237
505,0.000014,0.543038,0.037040,0.580092,2.104747,4.204897
506,0.000015,0.589881,0.039679,0.629575,2.108963,4.216148
507,0.000019,0.613426,0.039293,0.652738,2.113153,4.189848
508,0.000019,0.634253,0.047938,0.682210,2.117349,4.196120
509,0.000026,0.532535,0.041092,0.573653,2.121407,4.058190
510,0.000026,0.582141,0.066941,0.649108,2.125650,4.242144
511,0.000020,0.654851,0.068232,0.723103,2.129890,4.240906
512,0.000021,0.534468,0.043093,0.577582,2.133911,4.020855
513,0.000019,0.522638,0.038132,0.560789,2.138061,4.149873
514,0.000015,0.524101,0.036930,0.561046,2.142228,4.166864
515,0.000019,0.504920,0.038007,0.542946,2.146377,4.148577
516,0.000019,0.465980,0.043975,0.509974,2.150510,4.133732
517,0.000020,0.483889,0.038521,0.522430,2.154689,4.179107
518,0.000025,0.592619,0.069611,0.662255,2.158996,4.306813
519,0.000019,0.456987,0.045828,0.502834,2.163003,4.007006
520,0.000015,0.460500,0.038106,0.498621,2.167166,4.162376
521,0.000015,0.454726,0.037021,0.491762,2.171325,4.159770
522,0.000020,0.457031,0.042764,0.499815,2.175500,4.174730
523,0.000020,0.455916,0.037119,0.493055,2.179660,4.159913
524,0.000018,0.467241,0.037660,0.504919,2.183839,4.178534
525,0.000020,0.501166,0.037839,0.539025,2.188039,4.200791
526,0.000020,0.429232,0.037973,0.467225,2.192134,4.094861
527,0.000026,0.462437,0.037747,0.500210,2.196334,4.199722
528,0.000025,0.472844,0.045007,0.517876,2.200518,4.184354
529,0.000019,0.464368,0.037495,0.501882,2.204669,4.150586
530,0.000019,0.466041,0.037675,0.503735,2.208837,4.168469
531,0.000025,0.450034,0.037055,0.487114,2.212987,4.150111
532,0.000019,0.445854,0.036882,0.482755,2.217150,4.162271
533,0.000015,0.452128,0.038388,0.490531,2.221324,4.174443
534,0.000015,0.514638,0.041123,0.555776,2.225556,4.231912
535,0.000015,0.510599,0.069472,0.580086,2.229748,4.191581
536,0.000021,0.474658,0.041462,0.516141,2.233850,4.102148
537,0.000020,0.481387,0.043167,0.524574,2.238025,4.175140
538,0.000027,0.465598,0.038479,0.504104,2.242171,4.146186
539,0.000025,0.459542,0.038001,0.497568,2.246331,4.160149
540,0.000025,0.456562,0.043323,0.499910,2.250500,4.168936
541,0.000027,0.452140,0.037056,0.489223,2.254656,4.155956
542,0.000023,0.969822,0.115598,1.085443,2.259420,4.763954
543,0.000020,0.573105,0.072258,0.645383,2.263146,3.726096
544,0.000031,0.583363,0.052813,0.636207,2.267303,4.157074
545,0.000020,0.461732,0.039459,0.501211,2.271335,4.031623
546,0.000019,0.463568,0.043262,0.506849,2.275507,4.172223
547,0.000019,0.477299,0.043483,0.520801,2.279688,4.180715
548,0.000019,0.463280,0.039021,0.502320,2.283836,4.148153
549,0.000015,0.448438,0.037143,0.485596,2.287986,4.149942
550,0.000016,0.456361,0.036946,0.493323,2.292160,4.174353
551,0.000016,0.448843,0.037475,0.486334,2.296320,4.159656
552,0.000015,0.457341,0.041663,0.499019,2.300499,4.179381
553,0.000015,0.469443,0.036480,0.505938,2.304673,4.173567
554,0.000015,0.450059,0.038497,0.488571,2.308822,4.149317
555,0.000026,0.502618,0.036453,0.539097,2.313039,4.217181
556,0.000019,0.499555,0.039221,0.538795,2.317206,4.166351
557,0.000027,0.465130,0.041670,0.506827,2.321341,4.134766
558,0.000026,0.469179,0.044540,0.513745,2.325514,4.173524
559,0.000020,0.559707,0.067350,0.627077,2.329795,4.280775
560,0.000020,0.475030,0.039860,0.514910,2.333849,4.053731
561,0.000019,0.478317,0.038463,0.516799,2.338017,4.168557
562,0.000020,0.467266,0.037029,0.504315,2.342171,4.154198
563,0.000020,0.473179,0.037180,0.510379,2.346344,4.172715
564,0.000015,0.464574,0.042776,0.507365,2.350508,4.163711
565,0.000019,0.480786,0.038968,0.519773,2.354687,4.179000
566,0.000020,0.619094,0.074549,0.693663,2.359027,4.340593
567,0.000014,0.517911,0.068848,0.586773,2.363087,4.060024
568,0.000016,0.480079,0.044030,0.524125,2.367191,4.103727
569,0.000015,0.459676,0.037754,0.497445,2.371331,4.139975
570,0.000020,0.459623,0.042224,0.501867,2.375502,4.171106
571,0.000020,0.472698,0.038063,0.510781,2.379678,4.175616
572,0.000019,0.452507,0.037579,0.490105,2.383824,4.146008
573,0.000014,0.445117,0.037197,0.482328,2.387983,4.158865
574,0.000015,0.467010,0.036641,0.503666,2.392171,4.187972
575,0.000015,0.455881,0.036582,0.492478,2.396326,4.155477
576,0.000015,0.455454,0.043541,0.499010,2.400499,4.173260
577,0.000016,0.458317,0.036904,0.495237,2.404662,4.162865
578,0.000015,0.457943,0.035852,0.493810,2.408827,4.165245
579,0.000015,0.444849,0.037138,0.482002,2.412982,4.154830
580,0.000015,0.452834,0.036358,0.489207,2.417156,4.173884
581,0.000016,0.452571,0.036634,0.489221,2.421323,4.166664
582,0.000015,0.448120,0.042272,0.490407,2.425491,4.167872
583,0.000034,1.019441,0.104439,1.123914,2.430292,4.801627
584,0.000027,0.563185,0.069154,0.632366,2.433967,3.674222
585,0.000021,0.486062,0.055006,0.541089,2.438042,4.075014
586,0.000027,0.467841,0.046637,0.514505,2.442182,4.139976
587,0.000024,0.472659,0.043174,0.515857,2.446350,4.168085
588,0.000025,0.450100,0.044709,0.494834,2.450495,4.145534
589,0.000024,0.462046,0.038841,0.500911,2.454668,4.172725
590,0.000015,0.459896,0.036715,0.496626,2.458830,4.162407
591,0.000020,0.534587,0.066958,0.601565,2.463102,4.271799
592,0.000026,0.507787,0.045490,0.553303,2.467220,4.118271
593,0.000025,0.492777,0.038416,0.531218,2.471365,4.144489
594,0.000026,0.455613,0.043667,0.499306,2.475500,4.134822
595,0.000027,0.468575,0.038474,0.507076,2.479674,4.174412
596,0.000025,0.556592,0.052259,0.608876,2.483943,4.268478
597,0.000026,0.463752,0.040051,0.503829,2.488004,4.061624
598,0.000021,0.453025,0.037398,0.490444,2.492157,4.153239
599,0.000015,0.454072,0.036417,0.490504,2.496324,4.166727
600,0.000015,0.458188,0.042483,0.500686,2.500501,4.176844
601,0.000015,0.450080,0.037229,0.487324,2.504654,4.153285
602,0.000027,0.464833,0.039632,0.504492,2.508838,4.183936
603,0.000020,0.442235,0.038643,0.480898,2.512981,4.142996
604,0.000014,0.446100,0.036886,0.483000,2.517150,4.168747
605,0.000020,0.453275,0.036568,0.489863,2.521324,4.173548
606,0.000025,0.485419,0.042765,0.528209,2.525529,4.205130
607,0.000015,0.640016,0.084888,0.724919,2.529892,4.363420
608,0.000015,0.516469,0.051574,0.568058,2.533902,4.009875
609,0.000015,0.456463,0.036782,0.493260,2.537994,4.091617
610,0.000015,0.451496,0.038554,0.490065,2.542157,4.163470
611,0.000016,0.454815,0.036816,0.491647,2.546325,4.168254
612,0.000034,0.532937,0.063596,0.596567,2.550597,4.271867
613,0.000026,0.564112,0.059948,0.624086,2.554791,4.194102
614,0.000027,0.494948,0.055730,0.550705,2.558884,4.093201
615,0.000024,0.602249,0.077948,0.680221,2.563181,4.296396
616,0.000025,0.517083,0.062254,0.579362,2.567247,4.066095
617,0.000024,0.465956,0.041567,0.507547,2.571341,4.094272
618,0.000020,0.464264,0.042314,0.506598,2.575507,4.165691
619,0.000021,0.465368,0.036300,0.501689,2.579669,4.161750
620,0.000021,0.448864,0.036237,0.485122,2.583819,4.150096
621,0.000026,0.459636,0.041418,0.501080,2.588001,4.182674
622,0.000019,0.458214,0.038453,0.496686,2.592164,4.162224
623,0.000019,0.452332,0.037594,0.489945,2.596324,4.159964
624,0.000020,0.451082,0.042730,0.493832,2.600494,4.170545
625,0.000027,0.478161,0.040386,0.518574,2.604686,4.191509
626,0.000024,0.467454,0.037311,0.504789,2.608838,4.152752
627,0.000027,0.435128,0.036430,0.471585,2.612972,4.133466
628,0.000026,0.451089,0.037519,0.488634,2.617156,4.183743
629,0.000019,0.443925,0.036802,0.480746,2.621314,4.158738
630,0.000020,0.444441,0.042205,0.486666,2.625487,4.172599
631,0.000026,0.602011,0.076356,0.678393,2.629845,4.358447
632,0.000015,0.568082,0.071286,0.639383,2.633973,4.127840
633,0.000025,0.457413,0.042606,0.500044,2.638000,4.027150
634,0.000025,0.459896,0.036323,0.496244,2.642163,4.162853
635,0.000026,0.480172,0.042657,0.522855,2.646357,4.193340
636,0.000018,0.453420,0.044021,0.497459,2.650498,4.141178
637,0.000020,0.462174,0.036583,0.498777,2.654666,4.167970
638,0.000016,0.448666,0.037989,0.486671,2.658820,4.154573
639,0.000015,0.527110,0.046336,0.573461,2.663074,4.253459
640,0.000033,0.680564,0.079921,0.760518,2.667428,4.354535
641,0.000025,0.473392,0.043887,0.517304,2.671351,3.922701
642,0.000027,0.462110,0.043904,0.506041,2.675506,4.155334
643,0.000015,0.460299,0.036646,0.496960,2.679664,4.157592
644,0.000015,0.557407,0.044511,0.601933,2.683936,4.271665
645,0.000025,0.458235,0.041616,0.499876,2.688000,4.064610
646,0.000021,0.461947,0.037894,0.499862,2.692167,4.166643
647,0.000019,0.455610,0.038094,0.493723,2.696327,4.160525
648,0.000020,0.449357,0.042849,0.492226,2.700493,4.165189
649,0.000019,0.468623,0.037569,0.506211,2.704673,4.180651
650,0.000026,0.462729,0.042279,0.505034,2.708839,4.165504
651,0.000025,0.446697,0.037426,0.484148,2.712984,4.145739
652,0.000015,0.448370,0.037259,0.485644,2.717153,4.168183
653,0.000015,0.453378,0.036169,0.489562,2.721323,4.170546
654,0.000025,0.501671,0.041963,0.543659,2.725544,4.220919
655,0.000020,0.467682,0.037875,0.505577,2.729673,4.128452
656,0.000020,0.554245,0.070552,0.624817,2.733959,4.286218
657,0.000020,0.454815,0.042350,0.497185,2.737998,4.038783
658,0.000019,0.457982,0.037325,0.495326,2.742162,4.164747
659,0.000020,0.457473,0.037397,0.494890,2.746329,4.166255
660,0.000021,0.570874,0.046307,0.617202,2.750618,4.289031
661,0.000025,0.467925,0.038707,0.506657,2.754674,4.056075
662,0.000015,0.453944,0.036972,0.490931,2.758825,4.150889
663,0.000015,0.456476,0.037679,0.494170,2.762995,4.169943
664,0.000032,0.521677,0.073530,0.595239,2.767263,4.268209
665,0.000025,0.480237,0.046594,0.526856,2.771361,4.097829
666,0.000027,0.469067,0.044135,0.513229,2.775514,4.153046
667,0.000026,0.467755,0.036202,0.503983,2.779671,4.157397
668,0.000015,0.464015,0.035751,0.499781,2.783833,4.162458
669,0.000031,0.533608,0.045348,0.578987,2.788079,4.245945
670,0.000025,0.454146,0.038819,0.492990,2.792160,4.080607
671,0.000026,0.458286,0.038119,0.496431,2.796330,4.170112
672,0.000025,0.455880,0.042394,0.498299,2.800499,4.168526
673,0.000031,0.546047,0.052990,0.599068,2.804766,4.267554
674,0.000031,0.492972,0.045919,0.538922,2.808873,4.106524
675,0.000025,0.461769,0.038266,0.500060,2.813000,4.127720
676,0.000020,0.446645,0.037697,0.484362,2.817151,4.150952
677,0.000019,0.444730,0.037723,0.482472,2.821316,4.164756
678,0.000020,0.468801,0.041984,0.510805,2.825511,4.194985
679,0.000015,0.464214,0.041977,0.506206,2.829673,4.162125
680,0.000020,0.546324,0.069459,0.615803,2.833950,4.276578
681,0.000019,0.474493,0.042162,0.516674,2.838017,4.067190
682,0.000015,0.458059,0.036655,0.494729,2.842162,4.144723
683,0.000026,0.472704,0.041894,0.514624,2.846348,4.186652
684,0.000021,0.465689,0.043793,0.509503,2.850510,4.161467
685,0.000019,0.453155,0.036788,0.489962,2.854657,4.147130
686,0.000020,0.463506,0.036882,0.500408,2.858834,4.177103
687,0.000015,0.454704,0.036872,0.491591,2.862992,4.157852
688,0.000022,0.954020,0.110637,1.064679,2.867733,4.740867
689,0.000026,0.509608,0.069246,0.578880,2.871413,3.680345
690,0.000025,0.473431,0.051517,0.524973,2.875525,4.112243
691,0.000020,0.464632,0.040085,0.504737,2.879672,4.146452
692,0.000019,0.458710,0.038147,0.496876,2.883831,4.158768
693,0.000020,0.465670,0.039815,0.505505,2.888006,4.175340
694,0.000020,0.463752,0.040381,0.504153,2.892171,4.165302
695,0.000019,0.451866,0.038269,0.490154,2.896324,4.152619
696,0.000015,0.448212,0.044547,0.492774,2.900493,4.169315
697,0.000020,0.463045,0.038384,0.501449,2.904669,4.175324
698,0.000021,0.477523,0.040768,0.518312,2.908852,4.183554
699,0.000020,0.433482,0.037522,0.471024,2.912971,4.119370
700,0.000016,0.457296,0.037982,0.495294,2.917162,4.190952
701,0.000025,0.441517,0.038725,0.480267,2.921314,4.151587
702,0.000026,0.505326,0.040919,0.546271,2.925547,4.232792
703,0.000026,0.477575,0.038772,0.516373,2.929683,4.136693
704,0.000026,0.565540,0.076687,0.642253,2.933977,4.293166
705,0.000034,0.916151,0.116940,1.033125,2.938534,4.557783
706,0.000026,0.502477,0.059260,0.561763,2.942229,3.694861
707,0.000027,0.461434,0.041355,0.502816,2.946337,4.107294
708,0.000019,0.450161,0.048827,0.499007,2.950499,4.162881
709,0.000025,0.488495,0.044271,0.532791,2.954700,4.200465
710,0.000020,0.470043,0.040081,0.510144,2.958844,4.144004
711,0.000020,0.452580,0.038202,0.490802,2.962991,4.147305
712,0.000026,0.558412,0.075240,0.633678,2.967302,4.310307
713,0.000025,0.476434,0.047962,0.524421,2.971358,4.056770
714,0.000025,0.460276,0.042705,0.503006,2.975503,4.145062
715,0.000026,0.459015,0.038304,0.497345,2.979664,4.161004
716,0.000020,0.464035,0.036908,0.500963,2.983835,4.170323
717,0.000027,0.434122,0.037073,0.471222,2.987972,4.136897
718,0.000026,0.457949,0.037147,0.495122,2.992162,4.190563
719,0.000026,0.464850,0.041255,0.506131,2.996340,4.177686
720,0.000021,0.452524,0.042355,0.494900,3.000495,4.155459
721,0.000026,0.456062,0.038231,0.494319,3.004661,4.166074
722,0.000024,0.483217,0.045003,0.528244,3.008862,4.200606
723,0.000025,0.457167,0.039465,0.496657,3.012997,4.135082
724,0.000027,0.454418,0.038804,0.493249,3.017160,4.163277
725,0.000026,0.452090,0.038057,0.490173,3.021324,4.163556
726,0.000026,0.448435,0.044754,0.493215,3.025494,4.169746
727,0.000020,0.456387,0.037519,0.493926,3.029661,4.167384
728,0.000032,0.717775,0.077218,0.795025,3.034129,4.468382
729,0.000026,0.542598,0.057815,0.600439,3.038101,3.972021
730,0.000026,0.524510,0.040041,0.564577,3.042232,4.130251
731,0.000026,0.583158,0.041141,0.624325,3.046458,4.226428
732,0.000014,0.527010,0.039866,0.566890,3.050567,4.109221
733,0.000027,0.519573,0.039693,0.559293,3.054726,4.159036
734,0.000026,0.523834,0.038898,0.562758,3.058897,4.170162
735,0.000020,0.486009,0.037791,0.523820,3.063024,4.127752
736,0.000020,0.681396,0.082577,0.763993,3.067432,4.407517
737,0.000026,0.549750,0.047763,0.597539,3.071431,3.999582
738,0.000026,0.591050,0.051180,0.642256,3.075643,4.211496
739,0.000021,0.586023,0.040994,0.627038,3.079794,4.151257
740,0.000019,0.507635,0.039402,0.547056,3.083881,4.086699
741,0.000026,0.576021,0.041286,0.617333,3.088118,4.236969
742,0.000027,0.536624,0.038634,0.575285,3.092242,4.124603
743,0.000026,0.584061,0.039039,0.623126,3.096457,4.214490
744,0.000026,0.552807,0.038033,0.590866,3.100591,4.134408
745,0.000027,0.575582,0.038091,0.613700,3.104781,4.189526
746,0.000020,0.571893,0.037917,0.609830,3.108944,4.162748
747,0.000026,0.582850,0.042090,0.624966,3.113125,4.181859
748,0.000026,0.625394,0.040452,0.665872,3.117333,4.207586
749,0.000020,0.563690,0.038970,0.602680,3.121436,4.103472
750,0.000020,0.621401,0.051212,0.672633,3.125673,4.236587
751,0.000027,0.586153,0.043826,0.630006,3.129797,4.124135
752,0.000020,0.725908,0.074765,0.800693,3.134135,4.337360
753,0.000020,0.596665,0.054228,0.650913,3.138152,4.016989
754,0.000021,0.537040,0.046519,0.583580,3.142251,4.099064
755,0.000020,0.604334,0.042787,0.647141,3.146481,4.230238
756,0.000019,0.533001,0.037005,0.570025,3.150570,4.089508
757,0.000020,0.596215,0.040521,0.636756,3.154804,4.233435
758,0.000020,0.493896,0.037707,0.531623,3.158865,4.061530
759,0.000020,0.535971,0.037118,0.573109,3.163073,4.208126
760,0.000019,0.747338,0.105692,0.853049,3.167520,4.446932
761,0.000020,0.526157,0.061081,0.587258,3.171421,3.900757
762,0.000026,0.498022,0.040966,0.539014,3.175539,4.118274
763,0.000024,0.544090,0.037863,0.581977,3.179749,4.209600
764,0.000025,0.505905,0.038720,0.544650,3.183878,4.129318
765,0.000021,0.476224,0.037239,0.513484,3.188014,4.135573
766,0.000021,0.529478,0.037491,0.566990,3.192234,4.220143
767,0.000019,0.569979,0.042918,0.612916,3.196447,4.212617
768,0.000015,0.473176,0.048888,0.522079,3.200523,4.075852
769,0.000032,0.576433,0.044632,0.621097,3.204788,4.265710
770,0.000025,0.478174,0.040108,0.518307,3.208852,4.063817
771,0.000020,0.508839,0.038985,0.547844,3.213048,4.196270
772,0.000020,0.544060,0.037669,0.581749,3.217249,4.200533
773,0.000027,0.453356,0.037969,0.491352,3.221325,4.076252
774,0.000019,0.524930,0.038376,0.563325,3.225564,4.238673
775,0.000020,0.510106,0.037326,0.547452,3.229715,4.150776
776,0.000035,0.691792,0.084861,0.776688,3.234111,4.395972
777,0.000025,0.547005,0.069910,0.616940,3.238118,4.007427
778,0.000020,0.470359,0.047147,0.517526,3.242185,4.066628
779,0.000019,0.500374,0.041495,0.541888,3.246376,4.191011
780,0.000019,0.528411,0.039994,0.568424,3.250569,4.193256
781,0.000020,0.516901,0.039808,0.556729,3.254724,4.154900
782,0.000016,0.476598,0.037099,0.513713,3.258847,4.123650
783,0.000020,0.441135,0.037121,0.478276,3.262979,4.131257
784,0.000020,0.449577,0.036446,0.486043,3.267153,4.174416
785,0.000020,0.542208,0.071743,0.613971,3.271448,4.295205
786,0.000026,0.472798,0.049833,0.522657,3.275523,4.074904
787,0.000026,0.485845,0.042953,0.528824,3.279696,4.172776
788,0.000020,0.473264,0.041810,0.515094,3.283849,4.152863
789,0.000022,0.524366,0.054546,0.578934,3.288079,4.230658
790,0.000020,0.462622,0.042398,0.505040,3.292172,4.092710
791,0.000021,0.455057,0.039059,0.494137,3.296328,4.155741
792,0.000020,0.454430,0.045609,0.500059,3.300500,4.172544
793,0.000020,0.460829,0.038949,0.499798,3.304667,4.166462
794,0.000020,0.462042,0.037943,0.500005,3.308834,4.166872
795,0.000021,0.431726,0.038891,0.470638,3.312971,4.137253
796,0.000019,0.512834,0.040140,0.552993,3.317220,4.249039
797,0.000025,0.503651,0.038099,0.541775,3.321376,4.155455
798,0.000019,0.451670,0.042611,0.494300,3.325495,4.119158
799,0.000027,0.465276,0.042651,0.507954,3.329675,4.180373
800,0.000021,0.466125,0.038659,0.504805,3.333839,4.163486
801,0.000021,0.529678,0.069684,0.599383,3.338101,4.261953
802,0.000019,0.467294,0.042915,0.510228,3.342177,4.076810
803,0.000021,0.457098,0.038100,0.495219,3.346329,4.151686
804,0.000026,0.457709,0.042115,0.499850,3.350500,4.171234
805,0.000020,0.460176,0.038168,0.498364,3.354665,4.165205
806,0.000026,0.468920,0.042807,0.511753,3.358846,4.180059
807,0.000021,0.446572,0.039726,0.486319,3.362987,4.141260
808,0.000020,0.536071,0.040219,0.576310,3.367243,4.256660
809,0.000020,0.604106,0.082288,0.686414,3.371521,4.277223
810,0.000021,0.557482,0.044563,0.602066,3.375603,4.081885
811,0.000025,0.521277,0.039380,0.560682,3.379728,4.125216
812,0.000025,0.541691,0.037934,0.579650,3.383913,4.185606
813,0.000020,0.507728,0.038830,0.546578,3.388047,4.133673
814,0.000019,0.504916,0.038160,0.543095,3.392210,4.163172
815,0.000020,0.448563,0.038085,0.486668,3.396320,4.110238
816,0.000027,0.489048,0.044553,0.533628,3.400534,4.213737
817,0.000025,0.472972,0.040368,0.513365,3.404681,4.146304
818,0.000020,0.493489,0.041965,0.535474,3.408869,4.188770
819,0.000020,0.512441,0.039924,0.552385,3.413053,4.183552
820,0.000020,0.512596,0.039701,0.552317,3.417219,4.166603
821,0.000021,0.514160,0.039018,0.553199,3.421387,4.167554
822,0.000020,0.574262,0.038088,0.612370,3.425613,4.225878
823,0.000015,0.516647,0.039080,0.555742,3.429723,4.110008
824,0.000020,0.527778,0.038311,0.566109,3.433900,4.177031
825,0.000025,0.882146,0.076380,0.958551,3.438460,4.559703
826,0.000015,0.607388,0.041463,0.648866,3.442316,3.856540
827,0.000021,0.576803,0.039489,0.616313,3.446450,4.133990
828,0.000027,0.602623,0.044237,0.646887,3.450647,4.197324
829,0.000025,0.585164,0.038835,0.624024,3.454791,4.143635
830,0.000026,0.523762,0.040249,0.564037,3.458898,4.106717
831,0.000026,0.445960,0.036137,0.482123,3.462982,4.084687
832,0.000020,0.490664,0.036284,0.526968,3.467194,4.211523
833,0.000027,1.106992,0.129107,1.236126,3.472071,4.876615
834,0.000026,0.596370,0.071263,0.667659,3.475669,3.597917
835,0.000025,0.549551,0.051528,0.601104,3.479768,4.099819
836,0.000027,0.523077,0.042345,0.565449,3.483899,4.130883
837,0.000019,0.558999,0.041568,0.600586,3.488101,4.201842
838,0.000020,0.556343,0.038815,0.595178,3.492262,4.161238
839,0.000020,0.542649,0.037634,0.580303,3.496414,4.151736
840,0.000026,0.584895,0.038445,0.623366,3.500624,4.209740
841,0.000019,0.529895,0.039003,0.568917,3.504736,4.112203
842,0.000018,0.525844,0.037508,0.563370,3.508897,4.161154
843,0.000015,0.496951,0.037821,0.534787,3.513035,4.138080
844,0.000018,0.531421,0.039180,0.570619,3.517238,4.202472
845,0.000026,0.534397,0.040944,0.575367,3.521409,4.171429
846,0.000020,0.526237,0.037824,0.564081,3.525565,4.155387
847,0.000026,0.469042,0.040184,0.509252,3.529676,4.111845
848,0.000026,0.469439,0.038837,0.508302,3.533842,4.165719
849,0.000019,0.597827,0.074493,0.672339,3.538173,4.330690
850,0.000089,0.849193,0.091963,0.941245,3.542609,4.436188
851,0.000020,0.588915,0.085307,0.674242,3.546508,3.899523
852,0.000019,0.465415,0.050205,0.515639,3.550516,4.007610
853,0.000015,0.470328,0.038606,0.508949,3.554676,4.159928
854,0.000039,0.555545,0.054774,0.610358,3.558944,4.268210
855,0.000026,0.458558,0.041559,0.500143,3.563001,4.056322
856,0.000019,0.449897,0.037120,0.487036,3.567154,4.153536
857,0.000019,0.637837,0.094361,0.732217,3.571566,4.412389
858,0.000019,0.513527,0.057534,0.571080,3.575572,4.005305
859,0.000020,0.468441,0.041388,0.509849,3.579677,4.105143
860,0.000020,0.464785,0.037175,0.501980,3.583836,4.158817
861,0.000020,0.441455,0.037143,0.478618,3.587979,4.143282
862,0.000017,0.462990,0.038205,0.501212,3.592168,4.189258
863,0.000026,0.471260,0.041830,0.513116,3.596347,4.178727
864,0.000020,0.450644,0.044999,0.495663,3.600496,4.149059
865,0.000019,0.450315,0.038104,0.488438,3.604656,4.159428
866,0.000022,0.530186,0.052734,0.582942,3.608917,4.261269
867,0.000025,0.481961,0.040413,0.522399,3.613023,4.106094
868,0.000019,0.453459,0.037451,0.490929,3.617158,4.135110
869,0.000020,0.445779,0.037979,0.483778,3.621318,4.159544
870,0.000016,0.452930,0.042554,0.495500,3.625496,4.178386
871,0.000016,0.441858,0.036584,0.478458,3.629646,4.149620
872,0.000019,0.465196,0.038352,0.503567,3.633837,4.191762
873,0.000015,0.440050,0.037824,0.477889,3.637978,4.140994
874,0.000015,0.597222,0.076174,0.673411,3.642341,4.362558
875,0.000015,0.518781,0.051673,0.570469,3.646404,4.063484
876,0.000016,0.468966,0.044226,0.513208,3.650514,4.109334
877,0.000016,0.457655,0.037092,0.494763,3.654662,4.148154
878,0.000015,0.496028,0.037990,0.534033,3.658868,4.205953
879,0.000015,0.449831,0.036947,0.486793,3.662987,4.119452
880,0.000016,0.445747,0.036674,0.482437,3.667150,4.162296
881,0.000015,0.442792,0.036373,0.479180,3.671313,4.163372
882,0.000020,0.624852,0.071832,0.696704,3.675697,4.384523
883,0.000026,0.496450,0.047485,0.543961,3.679711,4.013664
884,0.000020,0.466150,0.038737,0.504907,3.683839,4.127616
885,0.000020,0.470713,0.038839,0.509572,3.688010,4.171337
886,0.000025,0.462288,0.040459,0.502772,3.692170,4.159867
887,0.000024,0.446999,0.038252,0.485275,3.696319,4.149130
888,0.000020,0.454035,0.043458,0.497513,3.700498,4.178888
889,0.000018,0.453977,0.036965,0.490960,3.704658,4.160207
890,0.000014,0.469086,0.038621,0.507721,3.708842,4.183381
891,0.000015,0.521727,0.045918,0.567660,3.713068,4.226582
892,0.000020,0.519928,0.040298,0.560246,3.717227,4.159409
893,0.000019,0.445453,0.038864,0.484336,3.721318,4.090576
894,0.000020,0.469319,0.045836,0.515175,3.725516,4.197556
895,0.000021,0.467875,0.038047,0.505943,3.729673,4.157415
896,0.000019,0.451762,0.037810,0.489591,3.733823,4.150347
897,0.000019,0.463491,0.037992,0.501502,3.738002,4.178555
898,0.000020,0.684743,0.069824,0.754587,3.742422,4.419864
899,0.000020,0.564513,0.053306,0.617839,3.746452,4.030007
900,0.000019,0.498663,0.039881,0.538563,3.750539,4.087212
901,0.000027,0.591731,0.057371,0.649129,3.754816,4.277366
902,0.000026,0.480321,0.040603,0.520950,3.758855,4.038349
903,0.000020,0.441616,0.037992,0.479628,3.762980,4.125300
904,0.000026,0.500979,0.044205,0.545210,3.767212,4.232429
905,0.000015,0.464576,0.038914,0.503505,3.771337,4.124780
906,0.000015,0.607339,0.069751,0.677105,3.775678,4.340539
907,0.000014,0.480167,0.046211,0.526392,3.779694,4.015729
908,0.000015,0.509312,0.038366,0.547693,3.783882,4.187996
909,0.000020,0.465355,0.037497,0.502872,3.788003,4.121801
910,0.000020,0.445537,0.037095,0.482652,3.792150,4.146450
911,0.000016,0.523134,0.041874,0.565024,3.796399,4.249005
912,0.000014,0.462738,0.042364,0.505116,3.800506,4.106749
913,0.000015,0.517813,0.045296,0.563124,3.804730,4.224693
914,0.000026,0.484767,0.042509,0.527302,3.808861,4.130967
915,0.000025,0.445982,0.038682,0.484689,3.812985,4.123975
916,0.000025,0.453550,0.038047,0.491622,3.817159,4.173575
917,0.000019,0.453183,0.037049,0.490251,3.821324,4.165283
918,0.000019,0.450443,0.043469,0.493931,3.825494,4.170394
919,0.000019,0.447206,0.037133,0.484358,3.829651,4.157083
920,0.000021,0.482375,0.039878,0.522274,3.833856,4.204601
921,0.000020,0.444692,0.038595,0.483307,3.837984,4.127713
922,0.000020,0.529126,0.056704,0.585850,3.842253,4.269194
923,0.000026,0.537405,0.070173,0.607604,3.846442,4.188981
924,0.000027,0.468728,0.047612,0.516367,3.850517,4.074884
925,0.000025,0.456742,0.038163,0.494930,3.854662,4.145172
926,0.000019,0.465173,0.038131,0.503323,3.858837,4.175088
927,0.000025,0.456084,0.037447,0.493556,3.862994,4.156874
928,0.000020,0.447695,0.037162,0.484877,3.867152,4.158003
929,0.000026,0.445612,0.038288,0.483926,3.871318,4.165688
930,0.000026,0.652023,0.081723,0.733772,3.875735,4.416970
931,0.000024,0.504331,0.055276,0.559631,3.879727,3.992367
932,0.000020,0.587268,0.054736,0.642024,3.883976,4.248808
933,0.000020,0.452162,0.038303,0.490485,3.887991,4.015063
934,0.000020,0.453174,0.037619,0.490813,3.892158,4.166968
935,0.000024,0.452121,0.039029,0.491174,3.896325,4.167124
936,0.000026,0.455930,0.041802,0.497758,3.900498,4.173183
937,0.000021,0.447243,0.037307,0.484571,3.904652,4.153474
938,0.000020,0.452789,0.037358,0.490167,3.908824,4.172259
939,0.000020,0.462694,0.037589,0.500303,3.913001,4.176830
940,0.000021,0.462480,0.043184,0.505685,3.917173,4.172215
941,0.000021,0.450591,0.039190,0.489802,3.921324,4.150638
942,0.000031,0.485854,0.043902,0.529787,3.925530,4.206763
943,0.000025,0.449487,0.038646,0.488158,3.929655,4.124916
944,0.000027,0.468041,0.039430,0.507498,3.933841,4.186019
945,0.000025,0.446191,0.037104,0.483320,3.937984,4.142458
946,0.000020,0.448159,0.037276,0.485455,3.942153,4.168796
947,0.000020,0.532149,0.068412,0.600581,3.946435,4.282058
948,0.000020,0.473739,0.046017,0.519776,3.950520,4.085599
949,0.000019,0.522825,0.043716,0.566560,3.954734,4.213512
950,0.000025,0.468220,0.038982,0.507227,3.958841,4.107292
951,0.000015,0.453920,0.036932,0.490867,3.962991,4.150297
952,0.000020,0.460559,0.040296,0.500875,3.967168,4.176678
953,0.000025,0.448436,0.038956,0.487417,3.971321,4.153199
954,0.000020,0.558388,0.059369,0.617777,3.975618,4.297064
955,0.000021,0.531970,0.067890,0.599881,3.979767,4.149038
956,0.000020,0.468598,0.040967,0.509585,3.983843,4.076093
957,0.000021,0.452824,0.036757,0.489602,3.987990,4.146655
958,0.000014,0.456372,0.036611,0.492997,3.992160,4.170070
959,0.000020,0.464678,0.040188,0.504886,3.996339,4.178578
960,0.000015,0.459685,0.044285,0.503985,4.000504,4.165797
961,0.000015,0.519957,0.040395,0.560367,4.004728,4.223072
962,0.000015,0.452725,0.037312,0.490052,4.008824,4.096289
963,0.000015,0.450369,0.037528,0.487912,4.012988,4.164524
964,0.000019,0.456469,0.037920,0.494408,4.017162,4.173189
965,0.000020,0.437902,0.036683,0.474605,4.021308,4.146817
966,0.000015,0.445982,0.040835,0.486832,4.025487,4.178917
967,0.000015,0.450242,0.036848,0.487105,4.029654,4.166917
968,0.000022,0.528863,0.050538,0.579423,4.033913,4.259069
969,0.000026,0.456990,0.038741,0.495757,4.037996,4.083000
970,0.000020,0.457912,0.037832,0.495764,4.042163,4.166610
971,0.000026,0.535839,0.068745,0.604610,4.046439,4.276093
972,0.000020,0.468060,0.046135,0.514215,4.050515,4.076040
973,0.000021,0.486099,0.038457,0.524577,4.054692,4.176740
974,0.000015,0.457157,0.037768,0.494940,4.058829,4.136988
975,0.000015,0.454351,0.037274,0.491640,4.062992,4.163343
976,0.000014,0.455074,0.037085,0.492173,4.067159,4.167172
977,0.000015,0.448571,0.037643,0.486229,4.071320,4.160721
978,0.000027,0.435391,0.047220,0.482638,4.075483,4.163206
979,0.000033,1.038387,0.114829,1.153249,4.080321,4.838268
980,0.000026,0.551843,0.075402,0.627271,4.083962,3.640115
981,0.000019,0.476625,0.047628,0.524272,4.088025,4.063258
982,0.000019,0.448873,0.038615,0.487507,4.092155,4.129836
983,0.000019,0.456870,0.038054,0.494943,4.096329,4.174141
984,0.000018,0.448151,0.043543,0.491712,4.100492,4.163332
985,0.000015,0.446324,0.037217,0.483556,4.104651,4.158567
986,0.000017,0.458776,0.037207,0.496000,4.108830,4.179102
987,0.000019,0.431705,0.036711,0.468435,4.112969,4.139124
988,0.000019,0.454730,0.039751,0.494500,4.117162,4.192686
989,0.000020,0.450573,0.038304,0.488897,4.121323,4.161051
990,0.000020,0.468267,0.047773,0.516060,4.125517,4.193886
991,0.000018,0.467936,0.039875,0.507829,4.129675,4.158455
992,0.000015,0.459232,0.036811,0.496058,4.133830,4.154825
993,0.000016,0.434514,0.036355,0.470885,4.137971,4.141526
994,0.000015,0.448457,0.037490,0.485962,4.142153,4.181750
995,0.000030,0.800431,0.097493,0.897954,4.146733,4.579690
996,0.000026,0.530496,0.067228,0.597750,4.150599,3.866275
997,0.000021,0.539454,0.071716,0.611191,4.154779,4.180094
998,0.000020,0.486895,0.045810,0.532725,4.158867,4.087437
999,0.000019,0.448982,0.038953,0.487954,4.162989,4.121908
1000,0.000026,0.463490,0.040724,0.504240,4.167171,4.182942
1001,0.000020,0.454771,0.038099,0.492890,4.171327,4.155270
1002,0.000026,0.463033,0.047123,0.510182,4.175511,4.184005
1003,0.000020,0.566397,0.071841,0.638258,4.179807,4.295798
1004,0.000020,0.485185,0.044720,0.529925,4.183864,4.057339
1005,0.000021,0.431968,0.039489,0.471478,4.187972,4.108118
1006,0.000026,0.461577,0.038712,0.500315,4.192167,4.195495
1007,0.000020,0.464977,0.041400,0.506397,4.196340,4.172787
1008,0.000019,0.463272,0.042113,0.505404,4.200506,4.165611
1009,0.000019,0.504542,0.041502,0.546063,4.204713,4.207404
1010,0.000019,0.456741,0.038635,0.495395,4.208829,4.115919
1011,0.000015,0.431131,0.037223,0.468369,4.212969,4.139620
1012,0.000026,0.450676,0.040116,0.490818,4.217158,4.189230
1013,0.000014,0.448062,0.037237,0.485313,4.221319,4.161052
1014,0.000015,0.453007,0.041841,0.494863,4.225495,4.176209
1015,0.000015,0.452543,0.037477,0.490035,4.229657,4.161845
1016,0.000021,0.498742,0.051548,0.550311,4.233884,4.226988
1017,0.000025,0.455791,0.039290,0.495106,4.237996,4.111584
1018,0.000025,0.452471,0.038727,0.491223,4.242158,4.162687
1019,0.000027,0.463905,0.043643,0.507575,4.246341,4.183034
1020,0.000019,0.552107,0.069371,0.621497,4.250622,4.280935
1021,0.000026,0.478932,0.042104,0.521062,4.254688,4.065834
1022,0.000023,0.476256,0.039419,0.515698,4.258849,4.161285
1023,0.000018,0.498642,0.036469,0.535129,4.263036,4.186102
1024,0.000015,0.456867,0.039520,0.496402,4.267164,4.127911
1025,0.000016,0.449056,0.036613,0.485685,4.271319,4.155954
1026,0.000019,0.462630,0.055596,0.518245,4.275519,4.199256
1027,0.000020,0.599997,0.079887,0.679904,4.279847,4.328584
1028,0.000020,0.618626,0.072289,0.690935,4.284025,4.177772
1029,0.000019,0.463146,0.040940,0.504105,4.288005,3.979538
1030,0.000022,0.469640,0.039253,0.508915,4.292176,4.171539
1031,0.000021,0.448518,0.036503,0.485042,4.296319,4.142696
1032,0.000021,0.447934,0.040944,0.488899,4.300489,4.170478
1033,0.000021,0.451010,0.037766,0.488797,4.304656,4.166595
1034,0.000020,0.454995,0.037691,0.492706,4.308826,4.170557
1035,0.000020,0.445239,0.036677,0.481936,4.312982,4.155932
1036,0.000020,0.466139,0.040660,0.506819,4.317174,4.191572
1037,0.000021,0.447147,0.037453,0.484621,4.321318,4.144416
1038,0.000020,0.465428,0.044724,0.510172,4.325511,4.192301
1039,0.000019,0.460580,0.037213,0.497812,4.329665,4.154231
1040,0.000014,0.447741,0.038155,0.485910,4.333820,4.154774
1041,0.000014,0.447877,0.037349,0.485240,4.337986,4.166010
1042,0.000017,0.451367,0.037740,0.489124,4.342156,4.170572
1043,0.000021,0.446802,0.036758,0.483581,4.346317,4.161157
1044,0.000024,0.630395,0.114366,0.744785,4.350746,4.428519
1045,0.000035,0.550325,0.070758,0.621118,4.354789,4.042721
1046,0.000019,0.481271,0.041454,0.522744,4.358857,4.067880
1047,0.000020,0.453984,0.038628,0.492632,4.362993,4.136524
1048,0.000020,0.457780,0.039520,0.497320,4.367165,4.171471
1049,0.000021,0.457157,0.038397,0.495575,4.371329,4.164856
1050,0.000026,0.446951,0.043327,0.490304,4.375491,4.161414
1051,0.000019,0.452067,0.039237,0.491323,4.379659,4.167738
1052,0.000026,0.549957,0.066288,0.616271,4.383951,4.292297
1053,0.000020,0.467228,0.038927,0.506175,4.388007,4.055856
1054,0.000020,0.471999,0.039409,0.511428,4.392179,4.171926
1055,0.000026,0.477547,0.041582,0.519155,4.396353,4.174387
1056,0.000015,0.454491,0.041710,0.496216,4.400497,4.143650
1057,0.000015,0.455186,0.037151,0.492352,4.404659,4.162815
1058,0.000027,0.476871,0.044551,0.521449,4.408855,4.195884
1059,0.000019,0.433522,0.039225,0.472766,4.412973,4.117878
1060,0.000018,0.445724,0.037355,0.483097,4.417150,4.176996
1061,0.000014,0.444327,0.038030,0.482371,4.421316,4.165893
1062,0.000016,0.457694,0.043522,0.501232,4.425502,4.185554
1063,0.000021,0.455837,0.037369,0.493227,4.429660,4.158663
1064,0.000026,0.495550,0.038654,0.534230,4.433868,4.207707
1065,0.000027,0.446962,0.038589,0.485578,4.437986,4.117969
1066,0.000016,0.449029,0.036496,0.485541,4.442153,4.166679
1067,0.000015,0.459537,0.040197,0.499749,4.446334,4.180882
1068,0.000021,0.555764,0.067271,0.623056,4.450624,4.290041
1069,0.000019,0.522795,0.068317,0.591131,4.454759,4.135008
1070,0.000021,0.494565,0.045607,0.540193,4.458874,4.115430
1071,0.000024,0.463804,0.037446,0.501274,4.463002,4.127706
1072,0.000019,0.453456,0.037614,0.491089,4.467158,4.156428
1073,0.000015,0.454842,0.036562,0.491419,4.471325,4.166995
1074,0.000015,0.472278,0.049335,0.521628,4.475522,4.196969
1075,0.000016,0.451834,0.038966,0.490816,4.479658,4.135757
1076,0.000030,0.667880,0.076979,0.744889,4.484079,4.421228
1077,0.000024,0.479543,0.041191,0.520758,4.488021,3.942130
1078,0.000025,0.465467,0.045602,0.511094,4.492178,4.156969
1079,0.000020,0.459623,0.040060,0.499703,4.496334,4.155329
1080,0.000025,0.453689,0.044096,0.497810,4.500498,4.164703
1081,0.000020,0.452631,0.037486,0.490137,4.504657,4.159001
1082,0.000018,0.456291,0.038975,0.495284,4.508829,4.171867
1083,0.000015,0.461732,0.045865,0.507612,4.513008,4.178912
1084,0.000026,0.462084,0.042313,0.504423,4.517172,4.163658
1085,0.000024,0.448194,0.038030,0.486248,4.521320,4.148327
1086,0.000026,0.483728,0.041453,0.525207,4.525526,4.205724
1087,0.000026,0.452872,0.037660,0.490558,4.529658,4.131924
1088,0.000020,0.450644,0.037047,0.487711,4.533822,4.163825
1089,0.000020,0.451929,0.038946,0.490895,4.537991,4.169869
1090,0.000018,0.452100,0.037514,0.489632,4.542157,4.165422
1091,0.000015,0.442031,0.036611,0.478657,4.546313,4.155692
1092,0.000019,0.449175,0.046448,0.495642,4.550496,4.183598
1093,0.000027,0.632810,0.092782,0.725619,4.554894,4.397461
1094,0.000020,0.477773,0.043274,0.521067,4.558855,3.961376
1095,0.000019,0.457977,0.038162,0.496158,4.562997,4.141737
1096,0.000026,0.472135,0.043519,0.515680,4.567183,4.186210
1097,0.000020,0.449787,0.038244,0.488051,4.571322,4.138967
1098,0.000015,0.456577,0.042724,0.499316,4.575500,4.177926
1099,0.000015,0.458907,0.036796,0.495718,4.579663,4.163086
1100,0.000015,0.561263,0.071799,0.633077,4.583967,4.304278
1101,0.000015,0.468624,0.042283,0.510922,4.588012,4.044343
1102,0.000015,0.459520,0.036668,0.496203,4.592163,4.151869
1103,0.000019,0.465784,0.041311,0.507114,4.596341,4.177617
1104,0.000020,0.448818,0.043022,0.491860,4.600492,4.151378
1105,0.000019,0.497661,0.044100,0.541780,4.604709,4.216613
1106,0.000016,0.464889,0.038646,0.503551,4.608837,4.128409
1107,0.000014,0.449880,0.037985,0.487879,4.612988,4.151011
1108,0.000016,0.457849,0.036900,0.494765,4.617162,4.173500
1109,0.000019,0.444736,0.036580,0.481335,4.621315,4.153272
1110,0.000021,0.441917,0.041854,0.483792,4.625484,4.169114
1111,0.000019,0.500008,0.036862,0.536889,4.629704,4.219784
1112,0.000019,0.555918,0.038594,0.594531,4.633928,4.224316
1113,0.000015,0.493967,0.037365,0.531347,4.638032,4.103427
1114,0.000016,0.521756,0.037460,0.559232,4.642226,4.194568
1115,0.000015,0.511910,0.039345,0.551270,4.646385,4.158759
1116,0.000016,0.514007,0.037653,0.551676,4.650552,4.167062
1117,0.000015,0.664653,0.072279,0.736947,4.654904,4.352287
1118,0.000026,0.617161,0.044127,0.661314,4.658995,4.090784
1119,0.000019,0.560518,0.037236,0.597773,4.663098,4.102954
1120,0.000015,0.576451,0.036370,0.612836,4.667280,4.181792
1121,0.000015,0.539913,0.036923,0.576851,4.671411,4.130660
1122,0.000027,0.597088,0.043375,0.640490,4.675641,4.230389
1123,0.000014,0.581262,0.038027,0.619303,4.679786,4.145368
1124,0.000020,1.202922,0.119195,1.322137,4.684657,4.870184
1125,0.000033,0.766388,0.093731,0.860152,4.688361,3.704772
1126,0.000025,0.656011,0.049464,0.705500,4.692373,4.011461
1127,0.000019,0.586068,0.040169,0.626256,4.696460,4.087334
1128,0.000020,0.575520,0.040423,0.615963,4.700617,4.156336
1129,0.000020,0.637143,0.037803,0.674966,4.704842,4.225620
1130,0.000021,0.530826,0.037305,0.568152,4.708902,4.059868
1131,0.000024,0.563813,0.048525,0.612362,4.713113,4.210879
1132,0.000026,0.584738,0.040153,0.624917,4.717292,4.179287
1133,0.000015,0.527403,0.037661,0.565079,4.721399,4.106713
1134,0.000037,0.657581,0.053227,0.710845,4.725711,4.312564
1135,0.000026,0.563138,0.042852,0.606016,4.729773,4.061853
1136,0.000025,0.572064,0.038659,0.610748,4.733945,4.171271
1137,0.000015,0.548047,0.037104,0.585166,4.738086,4.141081
1138,0.000015,0.502986,0.038155,0.541156,4.742208,4.122682
1139,0.000015,0.519477,0.037467,0.556959,4.746391,4.182452
1140,0.000019,0.527601,0.037042,0.564662,4.750565,4.174383
1141,0.000028,1.095533,0.105520,1.201081,4.755369,4.803894
1142,0.000017,0.702776,0.099938,0.802731,4.759137,3.768137
1143,0.000016,0.577165,0.063559,0.640740,4.763142,4.004400
1144,0.000019,0.537842,0.058018,0.595879,4.767263,4.121785
1145,0.000024,0.517880,0.040542,0.558446,4.771392,4.128872
1146,0.000020,0.460584,0.042542,0.503146,4.775504,4.111356
1147,0.000016,0.512152,0.038127,0.550295,4.779718,4.213941
1148,0.000020,0.561350,0.057511,0.618881,4.783953,4.235162
1149,0.000020,0.497219,0.068931,0.566170,4.788067,4.114366
1150,0.000021,0.544889,0.041178,0.586088,4.792253,4.186188
1151,0.000020,0.537076,0.040315,0.577411,4.796411,4.158042
1152,0.000019,0.459852,0.044446,0.504317,4.800505,4.093490
1153,0.000032,0.503295,0.041421,0.544748,4.804712,4.207220
1154,0.000020,0.471180,0.039558,0.510758,4.808845,4.132593
1155,0.000019,0.456923,0.038217,0.495159,4.812996,4.151077
1156,0.000020,0.534194,0.039934,0.574148,4.817241,4.245640
1157,0.000020,0.464751,0.037930,0.502701,4.821337,4.095231
1158,0.000015,0.504199,0.038544,0.542758,4.825543,4.206700
1159,0.000020,0.460638,0.038965,0.499623,4.829667,4.123557
1160,0.000030,0.495612,0.050368,0.546010,4.833880,4.213103
1161,0.000020,0.437754,0.038597,0.476371,4.837977,4.097083
1162,0.000020,0.454824,0.037183,0.492027,4.842159,4.182174
1163,0.000034,0.473122,0.048296,0.521452,4.846355,4.196316
1164,0.000024,0.456279,0.045479,0.501782,4.850502,4.146812
1165,0.000025,0.478783,0.038597,0.517405,4.854685,4.182281
1166,0.000020,0.554034,0.069619,0.623673,4.858958,4.273276
1167,0.000019,0.461472,0.040883,0.502374,4.863003,4.045036
1168,0.000014,0.459024,0.036750,0.495788,4.867163,4.160046
1169,0.000015,0.449999,0.036541,0.486555,4.871320,4.157456
1170,0.000016,0.460865,0.046747,0.507628,4.875508,4.187909
1171,0.000025,0.459740,0.036996,0.496761,4.879664,4.155614
1172,0.000025,0.504295,0.053307,0.557627,4.883891,4.227535
1173,0.000025,0.549241,0.072151,0.621417,4.888123,4.231052
1174,0.000020,0.470921,0.041481,0.512422,4.892180,4.057070
1175,0.000020,0.456494,0.037534,0.494048,4.896328,4.148283
1176,0.000026,0.460908,0.041734,0.502668,4.900503,4.175328
1177,0.000024,0.453877,0.037687,0.491588,4.904659,4.155601
1178,0.000019,0.424110,0.035876,0.460005,4.908794,4.135050
1179,0.000015,0.437037,0.036269,0.473321,4.912974,4.179983
1180,0.000015,0.466385,0.040088,0.506488,4.917174,4.199923
1181,0.000019,0.447806,0.036714,0.484539,4.921318,4.144635
1182,0.000026,0.465525,0.043359,0.508910,4.925509,4.191068
1183,0.000025,0.459307,0.037592,0.496924,4.929664,4.154679
1184,0.000020,0.457778,0.037464,0.495262,4.933829,4.164971
1185,0.000015,0.439381,0.038455,0.477851,4.937978,4.149284
1186,0.000020,0.444963,0.036916,0.481899,4.942149,4.170707
1187,0.000020,0.441486,0.037512,0.479018,4.946313,4.163771
1188,0.000016,0.451246,0.042049,0.493311,4.950494,4.180965
1189,0.000015,0.530591,0.039873,0.570479,4.954738,4.243809
1190,0.000015,0.549854,0.068841,0.618710,4.958953,4.215307
1191,0.000020,0.466972,0.043268,0.510260,4.963011,4.057815
1192,0.000019,0.471593,0.041267,0.512879,4.967180,4.169317
1193,0.000020,0.459811,0.037152,0.496983,4.971331,4.150758
1194,0.000015,0.448993,0.043606,0.492614,4.975493,4.162283
1195,0.000021,0.454271,0.037171,0.491463,4.979659,4.165521
1196,0.000020,0.472329,0.036697,0.509046,4.983843,4.184262
1197,0.000020,0.577540,0.070120,0.647680,4.988148,4.305487
1198,0.000020,0.481278,0.046969,0.528267,4.992196,4.047125
1199,0.000019,0.482969,0.044447,0.527435,4.996361,4.165957
