TrialNumber,SubjectID,Scene,RefFilename,RefPath,LeftCondition,LeftFilename,LeftMetric,LeftLevel,LeftPath,RightCondition,RightFilename,RightMetric,RightLevel,RightPath
1,jorge,attic,video0.rgb,/mnt/wdblack2tb/all_sequences_new_lossless_raw/attic/reference/video0.rgb,attic:dlss_rr_level2,attic/dlss_rr/level2/video0.rgb,dlss_rr,level2,/mnt/wdblack2tb/all_sequences_new_lossless_raw/attic/dlss_rr/level2/video0.rgb,attic:reference,attic/reference/video0.rgb,reference,reference,/mnt/wdblack2tb/all_sequences_new_lossless_raw/attic/reference/video0.rgb
2,jorge,classroom,video0.rgb,/mnt/wdblack2tb/all_sequences_new_lossless_raw/classroom/reference/video0.rgb,classroom:reference,classroom/reference/video0.rgb,reference,reference,/mnt/wdblack2tb/all_sequences_new_lossless_raw/classroom/reference/video0.rgb,classroom:duration_flicker_level2,classroom/duration_flicker/level2/video0.rgb,duration_flicker,level2,/mnt/wdblack2tb/all_sequences_new_lossless_raw/classroom/duration_flicker/level2/video0.rgb
3,jorge,bistro_exterior,video0.rgb,/mnt/wdblack2tb/all_sequences_new_lossless_raw/bistro_exterior/reference/video0.rgb,bistro_exterior:judder_level2,bistro_exterior/judder/level2/video0.rgb,judder,level2,/mnt/wdblack2tb/all_sequences_new_lossless_raw/bistro_exterior/judder/level2/video0.rgb,bistro_exterior:reference,bistro_exterior/reference/video0.rgb,reference,reference,/mnt/wdblack2tb/all_sequences_new_lossless_raw/bistro_exterior/reference/video0.rgb
4,jorge,marbles,video0.rgb,/mnt/wdblack2tb/all_sequences_new_lossless_raw/marbles/reference/video0.rgb,marbles:reference,marbles/reference/video0.rgb,reference,reference,/mnt/wdblack2tb/all_sequences_new_lossless_raw/marbles/reference/video0.rgb,marbles:motion_noise_level2,marbles/motion_noise/level2/video0.rgb,motion_noise,level2,/mnt/wdblack2tb/all_sequences_new_lossless_raw/marbles/motion_noise/level2/video0.rgb
5,jorge,bistro_interior,video0.rgb,/mnt/wdblack2tb/all_sequences_new_lossless_raw/bistro_interior/reference/video0.rgb,bistro_interior:motion_resolution_level2,bistro_interior/motion_resolution/level2/video0.rgb,motion_resolution,level2,/mnt/wdblack2tb/all_sequences_new_lossless_raw/bistro_interior/motion_resolution/level2/video0.rgb,bistro_interior:reference,bistro_interior/reference/video0.rgb,reference,reference,/mnt/wdblack2tb/all_sequences_new_lossless_raw/bistro_interior/reference/video0.rgb
6,jorge,attic,video0.rgb,/mnt/wdblack2tb/all_sequences_new_lossless_raw/attic/reference/video0.rgb,attic:reference,attic/reference/video0.rgb,reference,reference,/mnt/wdblack2tb/all_sequences_new_lossless_raw/attic/reference/video0.rgb,attic:noise_colors_level2,attic/noise_colors/level2/video0.rgb,noise_colors,level2,/mnt/wdblack2tb/all_sequences_new_lossless_raw/attic/noise_colors/level2/video0.rgb
7,jorge,pink_room,video0.rgb,/mnt/wdblack2tb/all_sequences_new_lossless_raw/pink_room/reference/video0.rgb,pink_room:restir_level2,pink_room/restir/level2/video0.rgb,restir,level2,/mnt/wdblack2tb/all_sequences_new_lossless_raw/pink_room/restir/level2/video0.rgb,pink_room:reference,pink_room/reference/video0.rgb,reference,reference,/mnt/wdblack2tb/all_sequences_new_lossless_raw/pink_room/reference/video0.rgb
8,jorge,zeroday,video0.rgb,/mnt/wdblack2tb/all_sequences_new_lossless_raw/zeroday/reference/video0.rgb,zeroday:reference,zeroday/reference/video0.rgb,reference,reference,/mnt/wdblack2tb/all_sequences_new_lossless_raw/zeroday/reference/video0.rgb,zeroday:stutter_level2,zeroday/stutter/level2/video0.rgb,stutter,level2,/mnt/wdblack2tb/all_sequences_new_lossless_raw/zeroday/stutter/level2/video0.rgb
9,jorge,landscape,video0.rgb,/mnt/wdblack2tb/all_sequences_new_lossless_raw/landscape/reference/video0.rgb,landscape:temporal-resolution-multiplexing_level2,landscape/temporal-resolution-multiplexing/level2/video0.rgb,temporal-resolution-multiplexing,level2,/mnt/wdblack2tb/all_sequences_new_lossless_raw/landscape/temporal-resolution-multiplexing/level2/video0.rgb,landscape:reference,landscape/reference/video0.rgb,reference,reference,/mnt/wdblack2tb/all_sequences_new_lossless_raw/landscape/reference/video0.rgb
10,jorge,pink_room,video0.rgb,/mnt/wdblack2tb/all_sequences_new_lossless_raw/pink_room/reference/video0.rgb,pink_room:reference,pink_room/reference/video0.rgb,reference,reference,/mnt/wdblack2tb/all_sequences_new_lossless_raw/pink_room/reference/video0.rgb,pink_room:dlss_rr_level2,pink_room/dlss_rr/level2/video0.rgb,dlss_rr,level2,/mnt/wdblack2tb/all_sequences_new_lossless_raw/pink_room/dlss_rr/level2/video0.rgb
11,jorge,subway,video0.rgb,/mnt/wdblack2tb/all_sequences_new_lossless_raw/subway/reference/video0.rgb,subway:duration_flicker_level2,subway/duration_flicker/level2/video0.rgb,duration_flicker,level2,/mnt/wdblack2tb/all_sequences_new_lossless_raw/subway/duration_flicker/level2/video0.rgb,subway:reference,subway/reference/video0.rgb,reference,reference,/mnt/wdblack2tb/all_sequences_new_lossless_raw/subway/reference/video0.rgb
12,jorge,zeroday,video0.rgb,/mnt/wdblack2tb/all_sequences_new_lossless_raw/zeroday/reference/video0.rgb,zeroday:reference,zeroday/reference/video0.rgb,reference,reference,/mnt/wdblack2tb/all_sequences_new_lossless_raw/zeroday/reference/video0.rgb,zeroday:judder_level2,zeroday/judder/level2/video0.rgb,judder,level2,/mnt/wdblack2tb/all_sequences_new_lossless_raw/zeroday/judder/level2/video0.rgb
13,jorge,landscape,video0.rgb,/mnt/wdblack2tb/all_sequences_new_lossless_raw/landscape/reference/video0.rgb,landscape:motion_noise_level2,landscape/motion_noise/level2/video0.rgb,motion_noise,level2,/mnt/wdblack2tb/all_sequences_new_lossless_raw/landscape/motion_noise/level2/video0.rgb,landscape:reference,landscape/reference/video0.rgb,reference,reference,/mnt/wdblack2tb/all_sequences_new_lossless_raw/landscape/reference/video0.rgb
14,jorge,subway,video0.rgb,/mnt/wdblack2tb/all_sequences_new_lossless_raw/subway/reference/video0.rgb,subway:reference,subway/reference/video0.rgb,reference,reference,/mnt/wdblack2tb/all_sequences_new_lossless_raw/subway/reference/video0.rgb,subway:motion_resolution_level2,subway/motion_resolution/level2/video0.rgb,motion_resolution,level2,/mnt/wdblack2tb/all_sequences_new_lossless_raw/subway/motion_resolution/level2/video0.rgb
15,jorge,classroom,video0.rgb,/mnt/wdblack2tb/all_sequences_new_lossless_raw/classroom/reference/video0.rgb,classroom:noise_colors_level2,classroom/noise_colors/level2/video0.rgb,noise_colors,level2,/mnt/wdblack2tb/all_sequences_new_lossless_raw/classroom/noise_colors/level2/video0.rgb,classroom:reference,classroom/reference/video0.rgb,reference,reference,/mnt/wdblack2tb/all_sequences_new_lossless_raw/classroom/reference/video0.rgb
16,jorge,marbles,video0.rgb,/mnt/wdblack2tb/all_sequences_new_lossless_raw/marbles/reference/video0.rgb,marbles:reference,marbles/reference/video0.rgb,reference,reference,/mnt/wdblack2tb/all_sequences_new_lossless_raw/marbles/reference/video0.rgb,marbles:restir_level2,marbles/restir/level2/video0.rgb,restir,level2,/mnt/wdblack2tb/all_sequences_new_lossless_raw/marbles/restir/level2/video0.rgb
17,jorge,bistro_interior,video0.rgb,/mnt/wdblack2tb/all_sequences_new_lossless_raw/bistro_interior/reference/video0.rgb,bistro_interior:stutter_level2,bistro_interior/stutter/level2/video0.rgb,stutter,level2,/mnt/wdblack2tb/all_sequences_new_lossless_raw/bistro_interior/stutter/level2/video0.rgb,bistro_interior:reference,bistro_interior/reference/video0.rgb,reference,reference,/mnt/wdblack2tb/all_sequences_new_lossless_raw/bistro_interior/reference/video0.rgb
18,jorge,bistro_exterior,video0.rgb,/mnt/wdblack2tb/all_sequences_new_lossless_raw/bistro_exterior/reference/video0.rgb,bistro_exterior:reference,bistro_exterior/reference/video0.rgb,reference,reference,/mnt/wdblack2tb/all_sequences_new_lossless_raw/bistro_exterior/reference/video0.rgb,bistro_exterior:temporal-resolution-multiplexing_level2,bistro_exterior/temporal-resolution-multiplexing/level2/video0.rgb,temporal-resolution-multiplexing,level2,/mnt/wdblack2tb/all_sequences_new_lossless_raw/bistro_exterior/temporal-resolution-multiplexing/level2/video0.rgb
