FrameIndex,GetImageDuration_ms,UploadDrawDuration_ms,FlipDuration_ms,TotalLoopDuration_ms,SwapTimestamp_sec,InterFrameInterval_ms
0,0.001358,3.348967,0.124129,3.474454,12237.577794,N/A
1,0.001237,3.354758,0.071644,3.427639,12237.581232,3.438840
2,0.000795,3.333722,0.125131,3.459648,12237.584703,3.470435
3,0.000751,3.371675,0.124003,3.496429,12237.588209,3.505882
4,0.000829,3.372997,0.123126,3.496952,12237.591715,3.506512
5,0.000794,3.357676,0.134013,3.492483,12237.595218,3.502449
6,0.000892,3.347137,0.068536,3.416565,12237.598644,3.426236
7,0.000808,3.318398,0.074354,3.393560,12237.602047,3.403387
8,0.000771,3.375959,0.129421,3.506151,12237.605563,3.515881
9,0.000722,3.361209,0.071090,3.433021,12237.609006,3.442949
10,0.000798,3.377777,0.125336,3.503911,12237.612520,3.513964
11,0.000837,3.542483,0.186412,3.729732,12237.616259,3.739328
12,0.002445,3.445501,0.080918,3.528864,12237.619808,3.548841
13,0.001011,3.372131,0.129032,3.502174,12237.623323,3.514345
14,0.000806,3.380730,0.124052,3.505588,12237.626838,3.515633
15,0.000820,3.353633,0.130866,3.485319,12237.630334,3.495303
16,0.000767,3.370666,0.127772,3.499205,12237.633842,3.508828
17,0.001031,3.376634,0.124570,3.502235,12237.637355,3.512646
18,0.000778,3.341029,0.068790,3.410597,12237.640775,3.420340
19,0.001044,3.353504,0.123609,3.478157,12237.644263,3.487799
20,0.000918,3.376988,0.131663,3.509569,12237.647783,3.519439
21,0.000684,3.375374,0.123736,3.499794,12237.651292,3.509663
22,0.000901,3.368596,0.121583,3.491080,12237.654793,3.500738
23,0.000857,3.369501,0.122829,3.493187,12237.658296,3.503030
24,0.000734,3.365573,0.118577,3.484884,12237.661791,3.494576
25,0.000737,3.369649,0.127023,3.497409,12237.665298,3.507745
26,0.000921,3.346806,0.117551,3.465278,12237.668773,3.474873
27,0.000737,3.384049,0.124054,3.508840,12237.672292,3.518687
28,0.000772,3.375609,0.122951,3.499332,12237.675801,3.509048
29,0.000716,3.368826,0.124682,3.494224,12237.679305,3.504180
30,0.000874,3.359473,0.067284,3.427631,12237.682742,3.437194
31,0.000859,3.335162,0.121691,3.457712,12237.686210,3.467251
32,0.000715,3.346058,0.127337,3.474110,12237.689693,3.483675
33,0.000714,3.356148,0.127914,3.484776,12237.693188,3.494683
34,0.000798,3.354829,0.126642,3.482269,12237.696680,3.491997
35,0.000749,3.367005,0.124528,3.492282,12237.700182,3.501994
36,0.000865,3.363303,0.125663,3.489831,12237.703681,3.499452
37,0.000792,3.351153,0.088861,3.440806,12237.707132,3.450394
38,0.000833,3.322091,0.070255,3.393179,12237.710535,3.402853
39,0.000734,3.362173,0.067964,3.430871,12237.713975,3.440776
40,0.001015,3.508158,0.190322,3.699495,12237.717684,3.709017
41,0.003130,3.487760,0.136609,3.627499,12237.721337,3.652301
42,0.001584,3.379691,0.123210,3.504485,12237.724852,3.515636
43,0.000648,3.374541,0.123569,3.498758,12237.728361,3.508674
44,0.000737,3.377735,0.125348,3.503820,12237.731874,3.513463
45,0.000699,3.346691,0.105878,3.453268,12237.735337,3.462811
46,0.000889,3.333021,0.126115,3.460025,12237.738807,3.469728
47,0.000753,3.383170,0.095569,3.479492,12237.742296,3.488979
48,0.000710,3.352924,0.124333,3.477967,12237.745784,3.487847
49,0.000662,3.390067,0.123329,3.514058,12237.749308,3.523723
50,0.000741,3.371187,0.124858,3.496786,12237.752814,3.506519
51,0.000703,3.351729,0.070239,3.422671,12237.756247,3.432462
52,0.000903,3.338269,0.124758,3.463930,12237.759720,3.473504
53,0.000659,3.352480,0.125123,3.478262,12237.763209,3.488595
54,0.000732,3.369890,0.126443,3.497065,12237.766716,3.506982
55,0.000844,3.363613,0.132101,3.496558,12237.770222,3.506155
56,0.000736,3.366963,0.124038,3.491737,12237.773723,3.501363
57,0.000639,3.380914,0.125529,3.507082,12237.777240,3.516569
58,0.000663,3.384784,0.131754,3.517201,12237.780767,3.526782
59,0.000673,3.362347,0.126475,3.489495,12237.784266,3.499051
60,0.001050,3.368567,0.123519,3.493136,12237.787768,3.502600
61,0.000643,3.361951,0.127922,3.490516,12237.791268,3.500086
62,0.000822,3.361306,0.123764,3.485892,12237.794764,3.495752
63,0.001239,3.372251,0.127088,3.500578,12237.798274,3.510063
64,0.000656,3.368241,0.123469,3.492366,12237.801776,3.501828
65,0.000819,13.026678,0.101109,13.128606,12237.814915,13.138935
66,0.000665,6.351390,0.198279,6.550334,12237.821475,6.560432
67,0.002569,3.567540,0.173037,3.743146,12237.825238,3.762963
68,0.001183,3.431328,0.142625,3.575136,12237.828829,3.591049
69,0.000779,3.403726,0.145147,3.549652,12237.832389,3.560139
70,0.000721,3.393641,0.107390,3.501752,12237.835901,3.511599
71,0.000717,3.360425,0.138570,3.499712,12237.839411,3.509505
72,0.000691,3.386044,0.093795,3.480530,12237.842901,3.490235
73,0.000737,3.356584,0.131465,3.488786,12237.846399,3.498510
74,0.000648,3.384972,0.104814,3.490434,12237.849899,3.499974
75,0.000728,3.349378,0.143723,3.493829,12237.853403,3.503370
76,0.000833,3.383135,0.103774,3.487742,12237.856900,3.497291
77,0.000686,3.350972,0.144891,3.496549,12237.860409,3.509016
78,0.000730,3.379755,0.098067,3.478552,12237.863897,3.488226
79,0.000727,3.354317,0.139875,3.494919,12237.867402,3.504624
80,0.000722,3.462292,0.067669,3.530683,12237.870942,3.540209
81,0.000658,3.349900,0.141995,3.492553,12237.874445,3.502753
82,0.000936,3.393736,0.069867,3.464539,12237.877919,3.474082
83,0.000700,3.364410,0.141348,3.506458,12237.881435,3.516018
84,0.000739,3.390252,0.068510,3.459501,12237.884904,3.469026
85,0.000724,3.354183,0.140916,3.495823,12237.888409,3.505481
86,0.000757,3.381988,0.105407,3.488152,12237.891907,3.497950
87,0.000726,3.348015,0.139029,3.487770,12237.895405,3.497446
88,0.000679,3.388820,0.095124,3.484623,12237.898899,3.494289
89,0.000701,3.355786,0.139876,3.496363,12237.902405,3.506019
90,0.000689,3.380569,0.069135,3.450393,12237.905865,3.460148
91,0.000684,3.345859,0.139908,3.486451,12237.909362,3.496584
92,0.000735,3.382003,0.134895,3.517633,12237.912889,3.527098
93,0.000782,3.358962,0.144050,3.503794,12237.916404,3.514861
94,0.000795,3.386154,0.110816,3.497765,12237.919911,3.507530
95,0.000875,3.531328,0.176211,3.708414,12237.923631,3.719294
96,0.001324,3.442539,0.143960,3.587823,12237.927236,3.605597
97,0.001004,3.384783,0.138322,3.524109,12237.930770,3.534162
98,0.000637,3.396843,0.137420,3.534900,12237.934315,3.544813
99,0.000644,3.398997,0.147740,3.547381,12237.937872,3.557076
100,0.000730,3.358365,0.145753,3.504848,12237.941387,3.514716
101,0.000689,3.385448,0.107838,3.493975,12237.944890,3.503352
102,0.000817,3.359291,0.141558,3.501666,12237.948401,3.511095
103,0.000933,3.382660,0.104118,3.487711,12237.951899,3.497433
104,0.000614,3.297841,0.164898,3.463353,12237.955372,3.473128
105,0.000653,3.307522,0.137396,3.445571,12237.958827,3.454870
106,0.000700,3.371066,0.121117,3.492883,12237.962329,3.502214
107,0.000660,3.308439,0.138571,3.447670,12237.965786,3.457175
108,0.000759,3.382789,0.141509,3.525057,12237.969321,3.534354
109,0.000837,3.313767,0.142722,3.457326,12237.972791,3.470006
110,0.000760,3.366219,0.146506,3.513485,12237.976313,3.522776
111,0.000737,3.312860,0.136553,3.450150,12237.979773,3.459314
112,0.000703,3.410859,0.133433,3.544995,12237.983327,3.554268
113,0.000665,3.309073,0.138932,3.448670,12237.986785,3.457930
114,0.000700,3.378043,0.103379,3.482122,12237.990276,3.491640
115,0.000729,3.305429,0.138283,3.444441,12237.993730,3.453681
116,0.001060,3.353203,0.134468,3.488731,12237.997228,3.498095
117,0.000724,3.315823,0.139295,3.455842,12238.000693,3.465022
118,0.000818,3.311153,0.143641,3.455612,12238.004158,3.464911
119,0.000702,3.378463,0.107206,3.486371,12238.007654,3.495987
120,0.000734,3.278212,0.069339,3.348285,12238.011012,3.357802
121,0.000799,3.309872,0.140852,3.451523,12238.014473,3.460899
122,0.000706,3.308875,0.104816,3.414397,12238.017896,3.423552
123,0.000736,3.289097,0.139934,3.429767,12238.021335,3.439000
124,0.000992,3.558532,0.118320,3.677844,12238.025023,3.687717
125,0.001463,3.363598,0.146869,3.511930,12238.028553,3.529804
126,0.000755,3.370869,0.063395,3.435019,12238.031998,3.444796
127,0.000684,3.330995,0.138565,3.470244,12238.035482,3.484250
128,0.000732,3.310942,0.093550,3.405224,12238.038897,3.414662
129,0.000912,3.279022,0.138729,3.418663,12238.042328,3.430941
130,0.000749,3.328419,0.065176,3.394344,12238.045731,3.403902
131,0.000738,3.353756,0.143713,3.498207,12238.049239,3.507640
132,0.000705,3.311563,0.134006,3.446274,12238.052695,3.455674
133,0.000666,3.284717,0.118461,3.403844,12238.056108,3.413065
134,0.000824,3.345734,0.140215,3.486773,12238.059604,3.496032
135,0.000896,3.348866,0.067463,3.417225,12238.063031,3.426659
136,0.000649,3.311752,0.138114,3.450515,12238.066491,3.460087
137,0.000759,3.320545,0.096845,3.418149,12238.069918,3.427406
138,0.000697,3.313516,0.142420,3.456633,12238.073384,3.465861
139,0.000684,3.306262,0.214405,3.521351,12238.076914,3.530418
140,0.000798,3.364183,0.137450,3.502431,12238.080426,3.511919
141,0.000729,3.305071,0.138482,3.444282,12238.083880,3.453726
142,0.000831,3.285814,0.136358,3.423003,12238.087312,3.432381
143,0.000845,3.351845,0.133702,3.486392,12238.090808,3.495634
144,0.000810,3.476253,0.135948,3.613011,12238.094431,3.622524
145,0.000633,3.411439,0.065913,3.477985,12238.097918,3.487474
146,0.001028,3.317169,0.137529,3.455726,12238.101383,3.465306
147,0.000648,3.304934,0.139448,3.445030,12238.104838,3.454312
148,0.000862,3.302045,0.136184,3.439091,12238.108286,3.448346
149,0.000677,3.312690,0.137952,3.451319,12238.111749,3.463020
150,0.000792,3.386920,0.144273,3.531985,12238.115291,3.541551
151,0.000798,3.312088,0.137315,3.450201,12238.118750,3.459699
152,0.000710,3.469846,0.155787,3.626343,12238.122386,3.635682
153,0.001973,3.615986,0.206480,3.824439,12238.126226,3.839816
154,0.001364,3.348258,0.138188,3.487810,12238.129730,3.504631
155,0.000702,3.342823,0.140953,3.484478,12238.133225,3.494719
156,0.000746,3.314277,0.139429,3.454452,12238.136689,3.463805
157,0.000691,3.309373,0.151325,3.461389,12238.140160,3.470853
158,0.000744,3.316188,0.136502,3.453434,12238.143623,3.463054
159,0.000739,3.315999,0.097414,3.414152,12238.147046,3.423582
160,0.000668,3.310440,0.140961,3.452069,12238.150508,3.461557
161,0.000737,3.312438,0.066123,3.379298,12238.153897,3.388652
162,0.000699,3.281447,0.140508,3.422654,12238.157329,3.432032
163,0.000781,3.313975,0.136354,3.451110,12238.160789,3.460388
164,0.000786,3.441983,0.139250,3.582019,12238.164380,3.591336
165,0.000608,3.311433,0.177661,3.489702,12238.167880,3.499395
166,0.000645,3.307145,0.136353,3.444143,12238.171333,3.453649
167,0.000625,3.347873,0.135883,3.484381,12238.174827,3.493586
168,0.000621,3.377809,0.135084,3.513514,12238.178350,3.523032
169,0.000625,3.313577,0.136725,3.450927,12238.181810,3.460136
170,0.000642,3.346518,0.136363,3.483523,12238.185303,3.492822
171,0.000682,3.338331,0.183663,3.522676,12238.188835,3.531955
172,0.000674,3.369638,0.136205,3.506517,12238.192351,3.515622
173,0.000634,3.309945,0.065907,3.376486,12238.195738,3.387945
174,0.000811,3.389854,0.139468,3.530133,12238.199278,3.539536
175,0.000656,3.311685,0.142787,3.455128,12238.202742,3.464476
176,0.000674,3.286354,0.122479,3.409507,12238.206161,3.418886
177,0.000562,3.396764,0.135519,3.532845,12238.209704,3.542234
178,0.000601,3.321207,0.134882,3.456690,12238.213170,3.465915
179,0.000660,3.311569,0.133833,3.446062,12238.216625,3.455516
180,0.000605,3.316737,0.070930,3.388272,12238.220023,3.397744
181,0.000710,3.384446,0.152260,3.537416,12238.223570,3.546916
182,0.001745,3.631042,0.174203,3.806990,12238.227390,3.820131
183,0.001231,3.429802,0.068384,3.499417,12238.230906,3.515758
184,0.000691,3.285128,0.137263,3.423082,12238.234338,3.432800
185,0.000940,3.309855,0.136099,3.446894,12238.237795,3.456243
186,0.000668,3.373824,0.143962,3.518454,12238.241322,3.527806
187,0.000689,3.311440,0.132901,3.445030,12238.244777,3.454317
188,0.000746,3.438414,0.142181,3.581341,12238.248367,3.590689
189,0.000967,3.315340,0.140737,3.457044,12238.251834,3.466545
190,0.000770,3.374102,0.173973,3.548845,12238.255392,3.558111
191,0.000898,3.305430,0.139514,3.445842,12238.258847,3.455073
192,0.000685,3.306895,0.140837,3.448417,12238.262305,3.457577
193,0.000713,3.370130,0.147404,3.518247,12238.265832,3.527725
194,0.000733,3.369753,0.140489,3.510975,12238.269353,3.520072
195,0.000752,3.310731,0.136510,3.447993,12238.272810,3.457269
196,0.000761,3.344633,0.136957,3.482351,12238.276302,3.491930
197,0.000853,3.316730,0.146204,3.463787,12238.279775,3.473174
198,0.000748,3.382463,0.137249,3.520460,12238.283305,3.529898
199,0.000680,3.310478,0.135983,3.447141,12238.286761,3.456503
200,0.000769,3.324088,0.142549,3.467406,12238.290238,3.476793
201,0.000681,3.308603,0.136253,3.445537,12238.293695,3.457328
202,0.000693,3.364188,0.136614,3.501495,12238.297206,3.511032
203,0.000712,3.314813,0.141486,3.457011,12238.300673,3.466284
204,0.000882,3.345973,0.142466,3.489321,12238.304171,3.498563
205,0.000727,3.336465,0.134523,3.471715,12238.307653,3.481301
206,0.000747,3.348228,0.182700,3.531675,12238.311194,3.541049
207,0.000702,3.372037,0.136207,3.508946,12238.314712,3.518461
208,0.000696,3.355371,0.140838,3.496905,12238.318219,3.506407
209,0.000883,3.315784,0.136397,3.453064,12238.321681,3.462736
210,0.000900,3.501466,0.223492,3.725858,12238.325417,3.735706
211,0.002475,3.544939,0.127944,3.675358,12238.329111,3.694510
212,0.001431,3.362818,0.144728,3.508977,12238.332635,3.523238
213,0.000747,3.307322,0.068993,3.377062,12238.336022,3.387703
214,0.000752,3.343382,0.147284,3.491418,12238.339524,3.501134
215,0.000658,3.382624,0.063423,3.446705,12238.342979,3.455917
216,0.000706,3.280378,0.140796,3.421880,12238.346411,3.431353
217,0.000766,3.380338,0.112921,3.494025,12238.349914,3.503461
218,0.000809,3.312590,0.141511,3.454910,12238.353392,3.477634
219,0.000779,3.309357,0.139651,3.449787,12238.356851,3.459463
220,0.000772,3.305003,0.139933,3.445708,12238.360306,3.455081
221,0.000798,3.306714,0.163880,3.471392,12238.363787,3.480701
222,0.000853,3.351654,0.146431,3.498938,12238.367295,3.508162
223,0.000760,3.309808,0.137278,3.447846,12238.370752,3.457094
224,0.000684,3.325349,0.137683,3.463716,12238.374226,3.473129
225,0.000848,3.341847,0.138773,3.481468,12238.377717,3.490960
226,0.000805,3.394895,0.142052,3.537752,12238.381264,3.547125
227,0.000803,3.331604,0.137800,3.470207,12238.384743,3.479699
228,0.000853,3.334982,0.138651,3.474486,12238.388227,3.483979
229,0.000810,3.317430,0.132706,3.450946,12238.391688,3.460524
230,0.000804,3.310521,0.135741,3.447066,12238.395144,3.456591
231,0.000908,3.340108,0.145950,3.486966,12238.398641,3.496231
232,0.000732,3.304430,0.069152,3.374314,12238.402024,3.383580
233,0.000692,3.296597,0.140796,3.438085,12238.405475,3.450293
234,0.000803,3.316337,0.102565,3.419705,12238.408904,3.429238
235,0.000757,3.281604,0.138665,3.421026,12238.412334,3.430218
236,0.000952,3.368905,0.140157,3.510014,12238.415853,3.519405
237,0.000730,3.302389,0.141679,3.444798,12238.419307,3.454092
238,0.000745,3.369621,0.136889,3.507255,12238.422824,3.516598
239,0.000768,6.541713,0.144380,6.686861,12238.429520,6.696182
240,0.003077,4.516666,0.172850,4.692593,12238.434235,4.714994
241,0.001157,3.352508,0.137376,3.491041,12238.437742,3.506968
242,0.000818,3.339832,0.137637,3.478287,12238.441231,3.488514
243,0.001012,3.311947,0.142871,3.455830,12238.444696,3.465708
244,0.000940,3.370141,0.137911,3.508992,12238.448215,3.518381
245,0.000784,3.315661,0.138796,3.455241,12238.451680,3.465015
246,0.000864,3.308753,0.166533,3.476150,12238.455165,3.485387
247,0.000843,3.310688,0.137019,3.448550,12238.458624,3.458334
248,0.000725,3.322824,0.069027,3.392576,12238.462026,3.401963
249,0.000669,3.339895,0.141204,3.481768,12238.465517,3.491378
250,0.000751,3.308988,0.066997,3.376736,12238.468903,3.386146
251,0.000733,3.379562,0.064724,3.445019,12238.472357,3.454330
252,0.000819,3.314333,0.143741,3.458893,12238.475826,3.468298
253,0.000669,3.324173,0.124537,3.449379,12238.479285,3.459281
254,0.000750,3.309891,0.142458,3.453099,12238.482747,3.462403
255,0.000704,3.387370,0.140162,3.528236,12238.486285,3.537466
256,0.000694,3.369478,0.140001,3.510173,12238.489804,3.519498
257,0.000823,3.351991,0.139425,3.492239,12238.493306,3.501954
258,0.000818,3.313059,0.135916,3.449793,12238.496765,3.459160
259,0.000701,3.386521,0.136384,3.523606,12238.500298,3.532840
260,0.000872,3.318014,0.142216,3.461102,12238.503769,3.470677
261,0.000902,3.389525,0.137289,3.527716,12238.507306,3.537301
262,0.000841,3.333508,0.134659,3.469008,12238.510785,3.478325
263,0.000683,3.384163,0.136921,3.521767,12238.514316,3.531292
264,0.000686,3.343239,0.137034,3.480959,12238.517806,3.490371
265,0.000829,3.359696,0.139041,3.499566,12238.521316,3.509261
266,0.000741,3.343032,0.138733,3.482506,12238.524808,3.491995
267,0.000705,3.558237,0.117754,3.676696,12238.528494,3.686174
268,0.002324,3.565787,0.161678,3.729789,12238.532241,3.747231
269,0.000832,3.420992,0.141249,3.563073,12238.535817,3.576520
270,0.000804,3.484329,0.139710,3.624843,12238.539452,3.634731
271,0.000755,3.314628,0.118764,3.434147,12238.542896,3.443680
272,0.000861,3.348997,0.141474,3.491332,12238.546397,3.501105
273,0.001302,3.341219,0.133888,3.476409,12238.549883,3.486350
274,0.000680,3.378968,0.134303,3.513951,12238.553407,3.523455
275,0.000712,3.346784,0.129603,3.477099,12238.556893,3.486532
276,0.000922,3.344282,0.138530,3.483734,12238.560387,3.493325
277,0.000761,3.367611,0.135122,3.503494,12238.563899,3.512660
278,0.000845,3.410082,0.134525,3.545452,12238.567454,3.555035
279,0.000886,3.308079,0.105376,3.414341,12238.570878,3.423789
280,0.000693,3.406761,0.139700,3.547154,12238.574435,3.556556
281,0.000658,3.310603,0.134687,3.445948,12238.577890,3.455319
282,0.000683,3.336932,0.136620,3.474235,12238.581374,3.483775
283,0.000705,3.342073,0.135752,3.478530,12238.584862,3.487862
284,0.000819,3.341189,0.138621,3.480629,12238.588352,3.490214
285,0.000694,3.304265,0.137371,3.442330,12238.591803,3.451643
286,0.000947,3.380866,0.140760,3.522573,12238.595336,3.532083
287,0.000646,3.342247,0.136067,3.478960,12238.598824,3.488500
288,0.000752,3.348235,0.148922,3.497909,12238.602331,3.507189
289,0.000765,3.342825,0.140320,3.483910,12238.605825,3.493538
290,0.000703,3.335647,0.137761,3.474111,12238.609308,3.483699
291,0.000758,3.439890,0.130269,3.570917,12238.612889,3.580441
292,0.000823,3.321748,0.138692,3.461263,12238.616360,3.470721
293,0.000830,3.314704,0.137128,3.452662,12238.619822,3.462115
294,0.000796,3.409908,0.136755,3.547459,12238.623379,3.556829
295,0.000797,3.311408,0.139417,3.451622,12238.626839,3.460896
296,0.000701,3.617267,0.179173,3.797141,12238.630646,3.806230
297,0.001892,3.404960,0.140837,3.547689,12238.634212,3.566242
298,0.000718,3.310935,0.141907,3.453560,12238.637676,3.463867
299,0.000680,3.310864,0.161971,3.473515,12238.641159,3.483043
300,0.000976,3.312279,0.140524,3.453779,12238.644622,3.463531
301,0.000696,3.377674,0.145127,3.523497,12238.648156,3.533828
302,0.000677,3.347162,0.136939,3.484778,12238.651650,3.494232
303,0.001057,3.308321,0.068520,3.377898,12238.655038,3.387449
304,0.000630,3.324746,0.155018,3.480394,12238.658528,3.490047
305,0.000659,3.371579,0.063257,3.435495,12238.661973,3.444839
306,0.000694,3.376406,0.138858,3.515958,12238.665498,3.525375
307,0.000723,3.316343,0.095469,3.412535,12238.668920,3.422054
308,0.001034,3.391071,0.137187,3.529292,12238.672459,3.538623
309,0.000741,3.311207,0.103808,3.415756,12238.675885,3.426380
310,0.000770,3.407994,0.138629,3.547393,12238.679442,3.556996
311,0.000765,3.346338,0.107253,3.454356,12238.682906,3.463837
312,0.000709,3.371922,0.141241,3.513872,12238.686429,3.523220
313,0.000655,3.310009,0.130187,3.440851,12238.689880,3.450526
314,0.000671,3.406316,0.136266,3.543253,12238.693432,3.552676
315,0.000639,3.392969,0.065599,3.459207,12238.696901,3.468657
316,0.000810,3.317518,0.138479,3.456807,12238.700368,3.466655
317,0.000685,3.409036,0.104324,3.514045,12238.703891,3.523593
318,0.000976,3.559782,0.167835,3.728593,12238.707629,3.737903
319,0.000684,3.369686,0.145763,3.516133,12238.711155,3.525356
320,0.000661,3.342359,0.137313,3.480333,12238.714644,3.489821
321,0.000709,3.345212,0.136917,3.482838,12238.718137,3.492185
322,0.000823,3.348951,0.136754,3.486528,12238.721633,3.496080
323,0.000688,3.375700,0.138737,3.515125,12238.725157,3.524603
324,0.000802,3.379356,0.146353,3.526511,12238.728693,3.535995
325,0.000678,3.646560,0.182075,3.829313,12238.732532,3.838755
326,0.001845,3.548582,0.135531,3.685958,12238.736236,3.703999
327,0.000782,3.427100,0.138174,3.566056,12238.739812,3.576218
328,0.000667,3.466599,0.140220,3.607486,12238.743429,3.617025
329,0.000747,3.418892,0.065674,3.485313,12238.746924,3.494864
330,0.000695,3.340763,0.136834,3.478292,12238.750412,3.487619
331,0.000647,3.316764,0.136319,3.453730,12238.753875,3.463263
332,0.000777,3.405477,0.138009,3.544263,12238.757429,3.553729
333,0.000899,3.303849,0.139332,3.444080,12238.760882,3.453532
334,0.000824,3.447187,0.136209,3.584220,12238.764476,3.593657
335,0.000742,3.369095,0.082659,3.452496,12238.767938,3.461941
336,0.000781,3.331040,0.141662,3.473483,12238.771434,3.496134
337,0.000940,3.385806,0.065351,3.452097,12238.774896,3.461774
338,0.000689,3.442873,0.140252,3.583814,12238.778489,3.593393
339,0.000736,3.305103,0.097148,3.402987,12238.781902,3.412661
340,0.000817,3.380501,0.141939,3.523257,12238.785434,3.532597
341,0.000691,3.331621,0.120330,3.452642,12238.788897,3.462099
342,0.000704,3.351759,0.146132,3.498595,12238.792405,3.508280
343,0.000701,3.376615,0.118512,3.495828,12238.795910,3.505574
344,0.000753,3.350223,0.138576,3.489552,12238.799410,3.499181
345,0.000878,3.346218,0.128715,3.475811,12238.802895,3.485548
346,0.000768,3.341531,0.135839,3.478138,12238.806383,3.487979
347,0.000920,3.346718,0.138490,3.486128,12238.809879,3.495591
348,0.000828,3.383829,0.138185,3.522842,12238.813411,3.532389
349,0.000705,3.317409,0.138581,3.456695,12238.816877,3.466192
350,0.000760,3.378236,0.138876,3.517872,12238.820404,3.527120
351,0.000712,3.339933,0.129507,3.470152,12238.823884,3.479458
352,0.000736,3.439612,0.138500,3.578848,12238.827472,3.588138
353,0.000705,3.392671,0.084227,3.477603,12238.830961,3.489140
354,0.000817,3.619055,0.198603,3.818475,12238.834789,3.828168
355,0.001624,3.393875,0.135690,3.531189,12238.838337,3.548061
356,0.000734,3.315862,0.140617,3.457213,12238.841805,3.467232
357,0.000687,3.358607,0.136638,3.495932,12238.845310,3.505273
358,0.000733,3.420579,0.136299,3.557611,12238.848877,3.567141
359,0.000721,3.446574,0.135707,3.583002,12238.852470,3.592577
360,0.000604,3.316276,0.109603,3.426483,12238.855906,3.436115
361,0.000685,3.324157,0.141477,3.466319,12238.859381,3.475752
362,0.000737,3.345627,0.135295,3.481659,12238.862873,3.491292
363,0.000666,3.375574,0.134545,3.510785,12238.866393,3.520123
364,0.001087,3.309358,0.140536,3.450981,12238.869853,3.460292
365,0.000741,3.391085,0.138808,3.530634,12238.873393,3.540123
366,0.000774,3.310258,0.135997,3.447029,12238.876850,3.456373
367,0.000650,3.314614,0.137771,3.453035,12238.880312,3.462495
368,0.000680,3.359243,0.140522,3.500445,12238.883822,3.509991
369,0.000609,3.356479,0.144381,3.501469,12238.887333,3.510903
370,0.000801,3.313064,0.136836,3.450701,12238.890793,3.460232
371,0.000646,3.424669,0.144088,3.569403,12238.894372,3.578775
372,0.000904,3.315798,0.141436,3.458138,12238.897840,3.467683
373,0.000655,3.314383,0.169566,3.484604,12238.901334,3.494157
374,0.000773,3.346908,0.136607,3.484288,12238.904828,3.493684
375,0.000738,3.354106,0.141628,3.496472,12238.908334,3.505906
376,0.001175,3.317096,0.139141,3.457412,12238.911800,3.466647
377,0.000671,3.346642,0.136241,3.483554,12238.915293,3.493020
378,0.000692,3.309679,0.137833,3.448204,12238.918751,3.457495
379,0.000721,3.380787,0.137247,3.518755,12238.922279,3.527927
380,0.000808,3.305778,0.138099,3.444685,12238.925733,3.454083
381,0.000634,3.349254,0.066882,3.416770,12238.929159,3.426314
382,0.000692,3.313477,0.137112,3.451281,12238.932620,3.460647
383,0.000604,3.557508,0.175910,3.734022,12238.936363,3.743784
384,0.001696,3.393626,0.107218,3.502540,12238.939883,3.519923
385,0.000688,3.376982,0.136532,3.514202,12238.943407,3.524127
386,0.000705,3.313747,0.138432,3.452884,12238.946870,3.462915
387,0.000684,3.411413,0.137710,3.549807,12238.950430,3.559413
388,0.000791,3.357460,0.105352,3.463603,12238.953903,3.473110
389,0.000752,3.307941,0.136523,3.445216,12238.957358,3.454681
390,0.000788,3.307268,0.138408,3.446464,12238.960814,3.455914
391,0.000663,3.384809,0.110755,3.496227,12238.964319,3.505442
392,0.000676,3.341051,0.141208,3.482935,12238.967811,3.492448
393,0.000753,3.342223,0.136116,3.479092,12238.971300,3.488414
394,0.000675,3.352668,0.143504,3.496847,12238.974806,3.506139
395,0.000696,3.348198,0.199339,3.548233,12238.978364,3.557643
396,0.000786,3.447023,0.099004,3.546813,12238.981920,3.556331
397,0.000696,3.380468,0.136792,3.517956,12238.985447,3.527303
398,0.000744,3.370157,0.094708,3.465609,12238.988922,3.475087
399,0.000817,3.385786,0.136370,3.522973,12238.992455,3.532509
400,0.000649,3.348331,0.097226,3.446206,12238.995911,3.455669
401,0.000651,3.444298,0.139864,3.584813,12238.999508,3.597017
402,0.000693,3.378466,0.065279,3.444438,12239.002962,3.454021
403,0.000605,3.377938,0.139478,3.518021,12239.006489,3.527544
404,0.000829,3.418332,0.064225,3.483386,12239.009982,3.492857
405,0.000744,3.353416,0.159570,3.513730,12239.013505,3.523003
406,0.000803,3.338822,0.064899,3.404524,12239.016919,3.414141
407,0.000624,3.410009,0.138117,3.548750,12239.020477,3.558142
408,0.000661,3.458867,0.087873,3.547401,12239.024034,3.556629
409,0.000645,3.423420,0.139324,3.563389,12239.027620,3.586573
410,0.000641,3.345690,0.135126,3.481457,12239.031111,3.491032
411,0.000666,3.445865,0.197053,3.643584,12239.034765,3.653365
412,0.001532,6.523846,0.200075,6.725453,12239.041507,6.742188
413,0.002108,3.481707,0.139811,3.623626,12239.045155,3.647775
414,0.000862,3.412015,0.138604,3.551481,12239.048716,3.561681
415,0.000689,3.347299,0.140446,3.488434,12239.052215,3.498294
416,0.000705,3.302542,0.134180,3.437427,12239.055662,3.447039
417,0.001018,3.357926,0.140475,3.499419,12239.059171,3.508814
418,0.000688,3.355626,0.141138,3.497452,12239.062678,3.507261
419,0.000694,3.306776,0.166720,3.474190,12239.066162,3.483802
420,0.001130,3.324402,0.139291,3.464823,12239.069636,3.474482
421,0.000732,3.426785,0.139086,3.566603,12239.073212,3.576263
422,0.000665,3.311696,0.143332,3.455693,12239.076678,3.465439
423,0.000754,3.307220,0.109775,3.417749,12239.080105,3.427412
424,0.000823,3.308735,0.138334,3.447892,12239.083563,3.457371
425,0.000974,3.316816,0.066476,3.384266,12239.086956,3.393779
426,0.000652,3.307569,0.136124,3.444345,12239.090410,3.453747
427,0.000618,3.344241,0.132598,3.477457,12239.093897,3.487101
428,0.000825,3.348488,0.140627,3.489940,12239.097397,3.499410
429,0.000835,3.314987,0.139759,3.455581,12239.100862,3.464937
430,0.000771,3.375411,0.138405,3.514587,12239.104386,3.524101
431,0.000742,3.316676,0.143584,3.461002,12239.107856,3.470394
432,0.000776,3.309819,0.138749,3.449344,12239.111315,3.458973
433,0.000630,3.351936,0.133717,3.486283,12239.114811,3.496111
434,0.000703,3.348623,0.139268,3.488594,12239.118309,3.498099
435,0.000687,3.306339,0.134969,3.441995,12239.121761,3.451447
436,0.000749,3.378868,0.136155,3.515772,12239.125286,3.525136
437,0.000848,3.309414,0.135070,3.445332,12239.128741,3.454670
438,0.000792,3.390621,0.141379,3.532792,12239.132283,3.542143
439,0.000681,3.349955,0.159249,3.509885,12239.135802,3.519457
440,0.001905,3.564602,0.175669,3.742176,12239.139558,3.755587
441,0.001496,3.392938,0.102669,3.497103,12239.143071,3.513657
442,0.000818,3.357856,0.141808,3.500482,12239.146582,3.511015
443,0.000653,3.341350,0.073327,3.415330,12239.150007,3.424729
444,0.000937,3.341190,0.136156,3.478283,12239.153495,3.488063
445,0.000759,3.350153,0.065452,3.416364,12239.156921,3.426097
446,0.000803,3.320061,0.145636,3.466500,12239.160397,3.475634
447,0.000771,3.395481,0.096467,3.492719,12239.163899,3.502153
448,0.000704,3.315640,0.138619,3.454963,12239.167364,3.464434
449,0.000856,3.329892,0.141938,3.472686,12239.170846,3.482274
450,0.000838,3.312392,0.140156,3.453386,12239.174309,3.462799
451,0.000676,3.312450,0.137702,3.450828,12239.177769,3.460253
452,0.000738,3.378585,0.137361,3.516684,12239.181295,3.526315
453,0.000764,3.344406,0.137371,3.482541,12239.184788,3.492446
454,0.000807,3.346201,0.137778,3.484786,12239.188282,3.494321
455,0.000799,3.350249,0.136291,3.487339,12239.191779,3.496767
456,0.000926,3.356639,0.140950,3.498515,12239.195287,3.507964
457,0.001122,3.308353,0.136346,3.445821,12239.198744,3.457542
458,0.000642,3.307596,0.138801,3.447039,12239.202201,3.456613
459,0.000626,3.305685,0.138924,3.445235,12239.205656,3.454743
460,0.001187,3.298715,0.068187,3.368089,12239.209033,3.377583
461,0.000673,3.312058,0.066714,3.379445,12239.212422,3.388901
462,0.000730,3.421141,0.066970,3.488841,12239.215920,3.498212
463,0.000762,3.319013,0.142610,3.462385,12239.219392,3.472068
464,0.000722,3.307122,0.134759,3.442603,12239.222844,3.452053
465,0.000722,3.317761,0.143269,3.461752,12239.226315,3.471102
466,0.000736,3.383948,0.186480,3.571164,12239.229896,3.580735
467,0.000772,3.384002,0.141130,3.525904,12239.233432,3.535470
468,0.000794,3.463555,0.149621,3.613970,12239.237055,3.623472
469,0.002572,3.616017,0.167823,3.786412,12239.240858,3.802690
470,0.001485,3.346211,0.136814,3.484510,12239.244358,3.499959
471,0.000709,3.349978,0.145734,3.496421,12239.247864,3.506681
472,0.000753,3.314645,0.141598,3.456996,12239.251331,3.466538
473,0.000710,3.311655,0.139962,3.452327,12239.254793,3.461630
474,0.000847,3.372480,0.138000,3.511327,12239.258313,3.520725
475,0.000746,3.317375,0.138936,3.457057,12239.261780,3.466783
476,0.000818,3.349335,0.147489,3.497642,12239.265288,3.507365
477,0.000698,3.357783,0.138701,3.497182,12239.268794,3.506710
478,0.000965,3.358910,0.135871,3.495746,12239.272299,3.505017
479,0.000647,3.303454,0.138442,3.442543,12239.275751,3.452177
480,0.000718,3.351094,0.101358,3.453170,12239.279214,3.462904
481,0.001027,3.363025,0.138549,3.502601,12239.282726,3.512089
482,0.000744,3.351852,0.134070,3.486666,12239.286223,3.496264
483,0.000684,3.380034,0.141849,3.522567,12239.289755,3.532188
484,0.000799,3.329531,0.138974,3.469304,12239.293234,3.479089
485,0.000895,3.344320,0.138457,3.483672,12239.296727,3.493100
486,0.001121,3.347577,0.133822,3.482520,12239.300219,3.491949
487,0.000692,3.338514,0.137559,3.476765,12239.303705,3.486072
488,0.000767,3.310200,0.140703,3.451670,12239.307166,3.461051
489,0.000709,3.347023,0.141652,3.489384,12239.310665,3.498734
490,0.000729,3.369711,0.151384,3.521824,12239.314196,3.531416
491,0.000724,3.311773,0.140641,3.453138,12239.317659,3.462336
492,0.000818,3.341027,0.139476,3.481321,12239.321149,3.490720
493,0.000698,3.307122,0.135519,3.443339,12239.324602,3.452825
494,0.000793,3.335419,0.067311,3.403523,12239.328015,3.412978
495,0.000710,3.375520,0.142233,3.518463,12239.331543,3.527956
496,0.000742,3.306300,0.067248,3.374290,12239.334927,3.383720
497,0.000602,3.436598,0.205761,3.642961,12239.338579,3.652236
498,0.002141,3.535550,0.162324,3.700015,12239.342299,3.719928
499,0.001330,3.372559,0.136322,3.510211,12239.345823,3.523567
500,0.000776,3.413663,0.068546,3.482985,12239.349316,3.493236
501,0.000682,3.317796,0.135472,3.453950,12239.352779,3.463396
502,0.000716,3.381471,0.139850,3.522037,12239.356311,3.531495
503,0.000687,3.382692,0.139309,3.522688,12239.359843,3.532232
504,0.000681,3.449851,0.138230,3.588762,12239.363441,3.598177
505,0.000648,3.427905,0.065691,3.494244,12239.366945,3.503768
506,0.000683,3.426264,0.137684,3.564631,12239.370519,3.574208
507,0.000736,3.342732,0.066083,3.409551,12239.373938,3.419137
508,0.000764,3.349852,0.138185,3.488801,12239.377437,3.498322
509,0.000644,3.342361,0.104109,3.447114,12239.380893,3.456691
510,0.000818,3.351869,0.136479,3.489166,12239.384392,3.498703
511,0.000688,3.355130,0.131037,3.486855,12239.387888,3.496404
512,0.000734,3.374746,0.135065,3.510545,12239.391408,3.520089
513,0.000680,3.304961,0.140898,3.446539,12239.394865,3.456196
514,0.000638,3.317100,0.137202,3.454940,12239.398329,3.464313
515,0.000767,3.314152,0.138048,3.452967,12239.401791,3.462298
516,0.001154,3.363843,0.104294,3.469291,12239.405270,3.478611
517,0.000678,3.316148,0.139911,3.456737,12239.408736,3.466205
518,0.000828,3.361769,0.137798,3.500395,12239.412246,3.509725
519,0.000675,3.377478,0.138804,3.516957,12239.415772,3.526394
520,0.000726,3.348489,0.134434,3.483649,12239.419265,3.492977
521,0.000734,3.318286,0.144392,3.463412,12239.422741,3.475835
522,0.000684,3.318076,0.134666,3.453426,12239.426204,3.462875
523,0.000686,3.414133,0.138677,3.553496,12239.429767,3.562732
524,0.000749,3.323725,0.144738,3.469212,12239.433245,3.478648
525,0.000643,3.340898,0.144456,3.485997,12239.436741,3.495418
526,0.000709,3.592352,0.190142,3.783203,12239.440533,3.792481
527,0.002405,3.473271,0.129271,3.604947,12239.444157,3.623541
528,0.001039,3.323267,0.136116,3.460422,12239.447627,3.470656
529,0.000595,3.316767,0.068385,3.385747,12239.451022,3.394960
530,0.000687,3.306674,0.141000,3.448361,12239.454481,3.458230
531,0.000631,3.310058,0.098320,3.409009,12239.457899,3.418279
532,0.000779,3.351394,0.140223,3.492396,12239.461401,3.502139
533,0.000638,3.309802,0.142237,3.452677,12239.464863,3.462109
534,0.000820,3.378798,0.137104,3.516722,12239.468389,3.526304
535,0.000692,3.312675,0.140607,3.453974,12239.471853,3.463390
536,0.000649,3.386477,0.140183,3.527309,12239.475390,3.536780
537,0.000675,3.348349,0.128528,3.477552,12239.478876,3.486873
538,0.000689,3.344095,0.132639,3.477423,12239.482363,3.486929
539,0.000673,3.344583,0.138424,3.483680,12239.485856,3.493110
540,0.000728,3.316984,0.099155,3.416867,12239.489283,3.426438
541,0.000663,3.311673,0.140333,3.452669,12239.492745,3.462111
542,0.000769,3.358828,0.137820,3.497417,12239.496252,3.506913
543,0.000718,3.331175,0.140376,3.472269,12239.499734,3.481876
544,0.000963,3.396438,0.138212,3.535613,12239.503279,3.545026
545,0.000702,3.322284,0.136642,3.459628,12239.506748,3.469084
546,0.000593,3.384141,0.136045,3.520779,12239.510278,3.530146
547,0.000641,3.339936,0.138665,3.479242,12239.513766,3.488452
548,0.000751,3.319344,0.137372,3.457467,12239.517233,3.466804
549,0.000645,3.389118,0.139884,3.529647,12239.520772,3.539105
550,0.000763,3.415226,0.137755,3.553744,12239.524336,3.563367
551,0.000646,3.391647,0.138320,3.530613,12239.527876,3.540211
552,0.000724,3.404380,0.138185,3.543289,12239.531429,3.553101
553,0.000621,3.445820,0.065012,3.511453,12239.534950,3.521279
554,0.000791,3.439420,0.139359,3.579570,12239.538540,3.589221
555,0.000687,3.671453,0.179575,3.851715,12239.542401,3.861493
556,0.001494,3.440216,0.069186,3.510896,12239.545930,3.528921
557,0.000714,3.391602,0.152339,3.544655,12239.549485,3.555104
558,0.001010,3.360848,0.066164,3.428022,12239.552923,3.437821
559,0.000705,3.352687,0.137817,3.491209,12239.556424,3.500933
560,0.000787,3.347144,0.102040,3.449971,12239.559883,3.459548
561,0.000675,3.315445,0.139787,3.455907,12239.563349,3.465306
562,0.000700,3.374455,0.138146,3.513301,12239.566871,3.522756
563,0.000649,3.347220,0.141915,3.489784,12239.570371,3.499300
564,0.000758,3.319748,0.136953,3.457459,12239.573838,3.467227
565,0.000643,3.312918,0.101946,3.415507,12239.577263,3.425428
566,0.000716,3.376512,0.143758,3.520986,12239.580794,3.530330
567,0.000689,3.354570,0.136532,3.491791,12239.584295,3.501201
568,0.000644,3.343852,0.137558,3.482054,12239.587787,3.491599
569,0.000687,3.344453,0.137899,3.483039,12239.591279,3.492517
570,0.000639,3.347208,0.135451,3.483298,12239.594772,3.492824
571,0.000646,3.390402,0.139894,3.530942,12239.598312,3.540465
572,0.001082,3.306732,0.141380,3.449194,12239.601771,3.458785
573,0.000684,3.355277,0.142697,3.498658,12239.605279,3.508142
574,0.000702,3.314489,0.138048,3.453239,12239.608742,3.462974
575,0.000666,3.385379,0.140897,3.526942,12239.612279,3.536618
576,0.000684,3.339780,0.134100,3.474564,12239.615763,3.484031
577,0.000664,3.376425,0.146341,3.523430,12239.619296,3.532673
578,0.000709,3.320516,0.140145,3.461370,12239.622766,3.470817
579,0.000584,3.311289,0.143017,3.454890,12239.626231,3.464184
580,0.000755,3.338491,0.140512,3.479758,12239.629720,3.489139
581,0.000649,3.375362,0.134241,3.510252,12239.633239,3.519475
582,0.000742,3.315724,0.136510,3.452976,12239.636701,3.462280
583,0.000673,3.411550,0.189527,3.601750,12239.640313,3.611065
584,0.002161,5.528083,0.127648,5.657892,12239.645990,5.677159
585,0.001799,3.507877,0.071786,3.581462,12239.649597,3.607767
586,0.000841,3.386201,0.142688,3.529730,12239.653138,3.540336
587,0.000687,3.432521,0.142680,3.575888,12239.656724,3.585942
588,0.000781,3.377738,0.133869,3.512388,12239.660246,3.522332
589,0.000700,3.394430,0.137902,3.533032,12239.663789,3.542658
590,0.000711,3.345861,0.137252,3.483824,12239.667282,3.493724
591,0.000741,3.320240,0.139738,3.460719,12239.670753,3.470196
592,0.000700,3.333701,0.134230,3.468631,12239.674231,3.478276
593,0.000651,3.312812,0.137131,3.450594,12239.677695,3.463860
594,0.000721,3.309964,0.142501,3.453186,12239.681158,3.462805
595,0.000628,3.357392,0.138561,3.496581,12239.684664,3.506026
596,0.000702,3.307242,0.122190,3.430134,12239.688103,3.439788
597,0.000652,3.320993,0.147873,3.469518,12239.691583,3.479158
598,0.000639,3.367916,0.069744,3.438299,12239.695030,3.447551
599,0.000689,3.313963,0.147516,3.462168,12239.698502,3.471846
600,0.000594,3.307218,0.095739,3.403551,12239.701915,3.412804
601,0.000749,3.278190,0.138537,3.417476,12239.705342,3.426900
602,0.000626,3.306838,0.136533,3.443997,12239.708795,3.453568
603,0.000696,3.406598,0.141605,3.548899,12239.712353,3.558235
604,0.000729,3.287484,0.143974,3.432187,12239.715795,3.441691
605,0.000802,3.377206,0.147374,3.525382,12239.719330,3.534645
606,0.000705,3.379716,0.139132,3.519553,12239.722859,3.528880
607,0.000717,3.347991,0.164534,3.513242,12239.726381,3.522443
608,0.000695,3.313554,0.137889,3.452138,12239.729843,3.461740
609,0.000586,3.322555,0.138207,3.461348,12239.733314,3.470721
610,0.000732,3.310333,0.135073,3.446138,12239.736769,3.455622
611,0.000624,3.372977,0.136416,3.510017,12239.740289,3.519348
612,0.000706,3.496798,0.155784,3.653288,12239.743951,3.662647
613,0.003094,3.413980,0.144670,3.561744,12239.747534,3.582947
614,0.000688,3.312534,0.066841,3.380063,12239.750925,3.391165
615,0.000665,3.284483,0.143413,3.428561,12239.754363,3.438092
616,0.000681,3.343492,0.133876,3.478049,12239.757851,3.487551
617,0.000667,3.306893,0.138484,3.446044,12239.761306,3.455376
618,0.000786,3.339499,0.135323,3.475608,12239.764791,3.485039
619,0.000729,3.452367,0.136880,3.589976,12239.768391,3.599767
620,0.000763,3.308266,0.135483,3.444512,12239.771845,3.453892
621,0.000762,3.377943,0.139657,3.518362,12239.775373,3.528112
622,0.000841,3.310104,0.136505,3.447450,12239.778830,3.456950
623,0.000832,3.353952,0.143125,3.497909,12239.782337,3.507237
624,0.000758,3.314399,0.134378,3.449535,12239.785796,3.458924
625,0.000733,3.330894,0.067218,3.398845,12239.789205,3.408519
626,0.000758,3.313518,0.140869,3.455145,12239.792670,3.464829
627,0.001138,3.401228,0.140052,3.542418,12239.796221,3.551729
628,0.000867,3.316003,0.137525,3.454395,12239.799685,3.463914
629,0.000839,3.311816,0.139596,3.452251,12239.803147,3.461596
630,0.000869,3.286459,0.066142,3.353470,12239.806510,3.363005
631,0.000707,3.272006,0.104942,3.377655,12239.809897,3.386988
632,0.000713,3.282391,0.136254,3.419358,12239.813325,3.428665
633,0.000780,3.345566,0.137933,3.484279,12239.816819,3.493706
634,0.000672,3.385793,0.138456,3.524921,12239.820354,3.534548
635,0.000706,3.312042,0.136626,3.449374,12239.823813,3.458804
636,0.000817,3.383553,0.137264,3.521634,12239.827344,3.531223
637,0.000651,3.305910,0.134610,3.441171,12239.830794,3.450707
638,0.000858,3.292056,0.136577,3.429491,12239.834233,3.438760
639,0.000676,3.374167,0.139429,3.514272,12239.837757,3.523638
640,0.000637,3.321229,0.137517,3.459383,12239.841226,3.468824
641,0.000608,3.490227,0.135907,3.626742,12239.844862,3.636423
642,0.002082,3.491876,0.149349,3.643307,12239.848527,3.664627
643,0.000854,3.323506,0.068828,3.393188,12239.851932,3.405582
644,0.000818,3.367206,0.140759,3.508783,12239.855451,3.518545
645,0.000760,3.350905,0.095444,3.447109,12239.858908,3.456711
646,0.001154,3.348876,0.105749,3.455779,12239.862373,3.465518
647,0.000719,3.308336,0.141089,3.450144,12239.865833,3.459698
648,0.000676,3.346908,0.138021,3.485605,12239.869328,3.495228
649,0.000919,3.351933,0.137334,3.490186,12239.872828,3.499695
650,0.000785,3.354937,0.136827,3.492549,12239.876330,3.501994
651,0.000683,3.340412,0.229088,3.570183,12239.879909,3.579676
652,0.000774,3.379486,0.141582,3.521842,12239.883441,3.531506
653,0.000842,3.347339,0.103775,3.451956,12239.886902,3.461377
654,0.000811,3.310128,0.136163,3.447102,12239.890359,3.456646
655,0.000810,3.339768,0.137280,3.477858,12239.893846,3.487140
656,0.000846,3.350420,0.178670,3.529936,12239.897386,3.539617
657,0.000761,3.344294,0.145126,3.490181,12239.900885,3.499490
658,0.000683,3.380362,0.137612,3.518657,12239.904414,3.528472
659,0.000681,3.344173,0.128854,3.473708,12239.907897,3.483110
660,0.000961,3.377346,0.136785,3.515092,12239.911421,3.524414
661,0.000873,3.312134,0.143644,3.456651,12239.914887,3.466072
662,0.000753,3.407090,0.139484,3.547327,12239.918444,3.556856
663,0.000752,3.346846,0.102313,3.449911,12239.921904,3.459510
664,0.000743,3.345132,0.137828,3.483703,12239.925397,3.493390
665,0.000698,3.304694,0.141961,3.447353,12239.928854,3.456715
666,0.000759,3.349672,0.137621,3.488052,12239.932351,3.497486
667,0.001013,3.348175,0.144028,3.493216,12239.935854,3.502707
668,0.001505,3.347252,0.070478,3.419235,12239.939283,3.428740
669,0.000907,3.314720,0.142095,3.457722,12239.942750,3.467014
670,0.000830,3.666047,0.181514,3.848391,12239.946607,3.857806
671,0.001555,3.481215,0.140327,3.623097,12239.950248,3.640752
672,0.000728,3.322409,0.134139,3.457276,12239.953716,3.467722
673,0.000693,3.358220,0.145116,3.504029,12239.957232,3.516293
674,0.000792,3.312574,0.137916,3.451282,12239.960693,3.460599
675,0.000830,3.310814,0.146352,3.457996,12239.964160,3.467232
676,0.000847,3.314209,0.138872,3.453928,12239.967623,3.463370
677,0.000739,3.344942,0.122408,3.468089,12239.971101,3.477345
678,0.000923,3.374880,0.139638,3.515441,12239.974626,3.524962
679,0.000732,3.379418,0.181598,3.561748,12239.978197,3.571143
680,0.000802,3.405641,0.151311,3.557754,12239.981764,3.567244
681,0.000770,3.356715,0.136607,3.494092,12239.985268,3.503411
682,0.000761,3.319726,0.137849,3.458336,12239.988735,3.467785
683,0.000756,3.392410,0.142235,3.535401,12239.992280,3.544903
684,0.000918,3.378379,0.065473,3.444770,12239.995735,3.454326
685,0.000822,3.348506,0.146751,3.496079,12239.999240,3.505327
686,0.000772,3.350337,0.137437,3.488546,12240.002738,3.498178
687,0.000793,3.341361,0.137358,3.479512,12240.006227,3.488911
688,0.000755,3.379306,0.165265,3.545326,12240.009782,3.554815
689,0.000725,3.361791,0.132076,3.494592,12240.013286,3.503913
690,0.000704,3.350543,0.140321,3.491568,12240.016787,3.500949
691,0.000734,3.408681,0.139550,3.548965,12240.020345,3.558444
692,0.000921,3.348764,0.137033,3.486718,12240.023841,3.496165
693,0.000687,3.380402,0.136050,3.517139,12240.027368,3.526419
694,0.000721,3.378026,0.129962,3.508709,12240.030886,3.517979
695,0.000766,3.343058,0.137076,3.480900,12240.034376,3.490226
696,0.000854,3.374495,0.129807,3.505156,12240.037891,3.514643
697,0.000712,3.438537,0.137441,3.576690,12240.041477,3.586073
698,0.000728,3.423131,0.063704,3.487563,12240.044973,3.496874
699,0.000684,3.579381,0.176358,3.756423,12240.048739,3.766048
700,0.001338,3.438263,0.145096,3.584697,12240.052341,3.601844
701,0.000740,3.349044,0.135490,3.485274,12240.055837,3.495780
702,0.000767,3.448887,0.143079,3.592733,12240.059439,3.602289
703,0.000717,3.423488,0.066864,3.491069,12240.062940,3.500538
704,0.000791,3.341981,0.143494,3.486266,12240.066436,3.495963
705,0.000984,3.341331,0.103604,3.445919,12240.069891,3.455348
706,0.000699,3.379249,0.137155,3.517103,12240.073418,3.526413
707,0.000713,3.413933,0.065515,3.480161,12240.076907,3.489586
708,0.000807,3.406675,0.138037,3.545519,12240.080462,3.555112
709,0.000809,3.315590,0.102910,3.419309,12240.083891,3.428921
710,0.000974,3.413740,0.141889,3.556603,12240.087457,3.565946
711,0.000764,3.344560,0.091143,3.436467,12240.090903,3.446013
712,0.000728,3.413874,0.139905,3.554507,12240.094467,3.563957
713,0.000683,3.376965,0.066302,3.443950,12240.097921,3.453416
714,0.000719,3.350196,0.170230,3.521145,12240.101451,3.530690
715,0.000682,3.305363,0.129292,3.435337,12240.104896,3.444926
716,0.000830,3.435805,0.140647,3.577282,12240.108483,3.586568
717,0.000683,3.413725,0.062803,3.477211,12240.111969,3.486510
718,0.000784,3.413555,0.139996,3.554335,12240.115533,3.563696
719,0.000833,3.420562,0.101623,3.523018,12240.119066,3.532498
720,0.000713,3.415116,0.137504,3.553333,12240.122628,3.562739
721,0.000732,3.472937,0.140501,3.614170,12240.126252,3.623756
722,0.000678,3.418228,0.142174,3.561080,12240.129823,3.570665
723,0.000723,3.343938,0.138370,3.483031,12240.133315,3.492555
724,0.000786,3.307765,0.140007,3.448558,12240.136773,3.458136
725,0.000763,3.411544,0.137953,3.550260,12240.140333,3.559966
726,0.000846,3.424489,0.130749,3.556084,12240.143899,3.565665
727,0.000769,3.520288,0.159018,3.680075,12240.147588,3.689491
728,0.001436,3.554697,0.177177,3.733310,12240.151336,3.747728
729,0.001433,3.458747,0.099149,3.559329,12240.154913,3.576996
730,0.000760,3.395325,0.142694,3.538779,12240.158462,3.548664
731,0.000722,3.375194,0.066273,3.442189,12240.161914,3.451953
732,0.000818,3.381847,0.141333,3.523998,12240.165447,3.533550
733,0.000918,3.382055,0.066308,3.449281,12240.168906,3.458875
734,0.000822,3.380376,0.141935,3.523133,12240.172439,3.532534
735,0.000895,3.382529,0.067114,3.450538,12240.175899,3.460092
736,0.000802,3.386805,0.155035,3.542642,12240.179451,3.552375
737,0.000922,3.369322,0.067586,3.437830,12240.182899,3.447532
738,0.000815,3.385854,0.144693,3.531362,12240.186440,3.540980
739,0.000726,3.379214,0.092705,3.472645,12240.189922,3.482168
740,0.000777,3.378082,0.138994,3.517853,12240.193449,3.527340
741,0.000810,3.380645,0.066694,3.448149,12240.196907,3.457941
742,0.000851,3.387267,0.143860,3.531978,12240.200449,3.541601
743,0.000740,3.386006,0.067893,3.454639,12240.203913,3.464402
744,0.000842,3.382943,0.147313,3.531098,12240.207455,3.541356
745,0.000779,3.381555,0.067358,3.449692,12240.210914,3.459702
746,0.000839,3.382939,0.142340,3.526118,12240.214450,3.535905
747,0.000740,3.381866,0.066831,3.449437,12240.217909,3.459000
748,0.000908,3.384469,0.150890,3.536267,12240.221455,3.545951
749,0.000824,3.383760,0.067190,3.451774,12240.224917,3.461427
750,0.000931,3.387635,0.144347,3.532913,12240.228459,3.542787
751,0.000949,3.371674,0.068279,3.440902,12240.231910,3.450587
752,0.000749,3.384182,0.141222,3.526153,12240.235446,3.535942
753,0.000737,3.385093,0.067895,3.453725,12240.238909,3.463504
754,0.000729,3.380853,0.143301,3.524883,12240.242444,3.534706
755,0.000758,3.379859,0.066938,3.447555,12240.245901,3.457275
756,0.000890,3.434193,0.115607,3.550690,12240.249462,3.560512
757,0.002181,5.493836,0.126887,5.622904,12240.255103,5.640915
758,0.002427,3.445117,0.142399,3.589943,12240.258711,3.608451
759,0.000849,3.371995,0.139284,3.512128,12240.262234,3.522902
760,0.001007,3.382027,0.138900,3.521934,12240.265766,3.531936
761,0.000692,3.385598,0.139488,3.525778,12240.269305,3.538890
762,0.000766,3.397311,0.139253,3.537330,12240.272852,3.547143
763,0.000734,3.386964,0.141905,3.529603,12240.276392,3.539548
764,0.000785,3.362191,0.123463,3.486439,12240.279888,3.496319
765,0.000962,3.379842,0.141961,3.522765,12240.283420,3.532355
766,0.000841,3.374922,0.097729,3.473492,12240.286904,3.483244
767,0.000856,3.384140,0.144276,3.529272,12240.290443,3.538980
768,0.000793,3.378028,0.067894,3.446715,12240.293899,3.456535
769,0.000744,3.379382,0.144582,3.524708,12240.297434,3.534484
770,0.000758,3.383873,0.066370,3.451001,12240.300894,3.460561
771,0.000726,3.381811,0.141253,3.523790,12240.304428,3.533690
772,0.001072,3.377462,0.097658,3.476192,12240.307914,3.485962
773,0.001132,3.379365,0.138254,3.518751,12240.311442,3.528448
774,0.000727,3.381118,0.068407,3.450252,12240.314902,3.460036
775,0.000705,3.381976,0.140393,3.523074,12240.318435,3.532641
776,0.000759,3.375868,0.096833,3.473460,12240.321918,3.483042
777,0.000776,3.386659,0.153410,3.540845,12240.325468,3.550428
778,0.000692,3.386007,0.068629,3.455328,12240.328933,3.465084
779,0.000751,3.378383,0.145686,3.524820,12240.332468,3.534525
780,0.000783,3.378002,0.066608,3.445393,12240.335923,3.454926
781,0.000791,3.384457,0.147924,3.533172,12240.339466,3.542603
782,0.000882,3.371901,0.068186,3.440969,12240.342916,3.450445
783,0.000701,3.392627,0.144167,3.537495,12240.346463,3.547156
784,0.000752,3.431413,0.129006,3.561171,12240.350034,3.570803
785,0.002699,3.547405,0.176348,3.726452,12240.353778,3.744437
786,0.001142,3.375371,0.140471,3.516984,12240.357311,3.532750
787,0.000782,3.319679,0.137070,3.457531,12240.360778,3.467299
788,0.000849,3.390412,0.065551,3.456812,12240.364245,3.466627
789,0.000868,3.351660,0.141829,3.494357,12240.367749,3.503907
790,0.000703,3.399765,0.138495,3.538963,12240.371298,3.548639
791,0.000663,3.318421,0.136729,3.455813,12240.374763,3.465227
792,0.000647,3.357165,0.141224,3.499036,12240.378271,3.508318
793,0.000642,3.348583,0.135830,3.485055,12240.381766,3.494473
794,0.000647,3.386707,0.137823,3.525177,12240.385300,3.534727
795,0.000727,3.346647,0.136861,3.484235,12240.388794,3.493861
796,0.000796,3.429843,0.143306,3.573945,12240.392378,3.583398
797,0.000657,3.386717,0.108927,3.496301,12240.395883,3.505766
798,0.000758,3.400433,0.140734,3.541925,12240.399435,3.551451
799,0.000741,3.305450,0.132917,3.439108,12240.402883,3.448613
800,0.000736,3.376187,0.137715,3.514638,12240.406407,3.523827
801,0.000737,3.313398,0.137791,3.451926,12240.409869,3.461470
802,0.001055,3.405521,0.138294,3.544870,12240.413423,3.554389
803,0.000796,3.317693,0.126984,3.445473,12240.416878,3.455001
804,0.000790,3.407850,0.134357,3.542997,12240.420430,3.552376
805,0.000802,3.309861,0.127865,3.438528,12240.423879,3.448402
806,0.000800,3.313107,0.139102,3.453009,12240.427341,3.462562
807,0.000750,3.384273,0.142718,3.527741,12240.430879,3.537156
808,0.000711,3.345518,0.145147,3.491376,12240.434379,3.500731
809,0.000732,3.303903,0.140704,3.445339,12240.437834,3.454790
810,0.000769,3.344955,0.137739,3.483463,12240.441327,3.492920
811,0.000715,3.307810,0.137726,3.446251,12240.444783,3.455856
812,0.000783,3.461560,0.140046,3.602389,12240.448395,3.611653
813,0.000776,3.585908,0.192309,3.778993,12240.452183,3.788288
814,0.002198,3.502650,0.078177,3.583025,12240.455786,3.603442
815,0.001159,3.355716,0.137830,3.494705,12240.459292,3.505381
816,0.000730,3.357524,0.133678,3.491932,12240.462793,3.501434
817,0.000870,3.356603,0.101833,3.459306,12240.466262,3.468940
818,0.000731,3.341149,0.137624,3.479504,12240.469751,3.488859
819,0.000676,3.327404,0.132683,3.460763,12240.473221,3.470096
820,0.000813,3.315211,0.141401,3.457425,12240.476688,3.466724
821,0.000944,3.309184,0.138520,3.448648,12240.480146,3.458180
822,0.000787,3.315894,0.140705,3.457386,12240.483613,3.466819
823,0.000703,3.308849,0.065781,3.375333,12240.486998,3.384807
824,0.000745,3.308136,0.137233,3.446114,12240.490458,3.460104
825,0.000779,3.318654,0.101378,3.420811,12240.493888,3.430456
826,0.000768,3.440108,0.136870,3.577746,12240.497475,3.587194
827,0.001015,3.316787,0.098001,3.415803,12240.500900,3.425075
828,0.000815,3.446806,0.146754,3.594375,12240.504504,3.603878
829,0.000777,3.344720,0.066367,3.411864,12240.507926,3.421318
830,0.000804,3.319343,0.139969,3.460116,12240.511395,3.469700
831,0.000708,3.343659,0.131817,3.476184,12240.514881,3.485623
832,0.000797,3.345694,0.148103,3.494594,12240.518385,3.503929
833,0.000772,3.378761,0.127122,3.506655,12240.521901,3.516247
834,0.000770,3.314734,0.141065,3.456569,12240.525367,3.466278
835,0.000738,3.319267,0.143252,3.463257,12240.528840,3.472773
836,0.000855,3.371338,0.137450,3.509643,12240.532359,3.519022
837,0.000938,3.310381,0.137579,3.448898,12240.535817,3.458278
838,0.000792,3.279756,0.067399,3.347947,12240.539175,3.357285
839,0.000712,3.303255,0.136585,3.440552,12240.542625,3.449935
840,0.000673,3.340952,0.102232,3.443857,12240.546078,3.453148
841,0.000709,3.433339,0.141728,3.575776,12240.549663,3.585374
842,0.000694,3.613739,0.180699,3.795132,12240.553467,3.804360
843,0.002078,3.439669,0.102509,3.544256,12240.557032,3.564502
844,0.000973,3.364304,0.142933,3.508210,12240.560552,3.519630
845,0.000761,3.314538,0.066415,3.381714,12240.563943,3.391484
846,0.000848,3.330187,0.139036,3.470071,12240.567438,3.495032
847,0.001016,3.307613,0.131414,3.440043,12240.570888,3.449508
848,0.000738,3.350646,0.142867,3.494251,12240.574391,3.503577
849,0.000795,3.376254,0.103483,3.480532,12240.577881,3.490058
850,0.000775,3.359639,0.140704,3.501118,12240.581392,3.510913
851,0.000758,3.350917,0.165963,3.517638,12240.584919,3.527098
852,0.000836,3.310420,0.143464,3.454720,12240.588384,3.464277
853,0.000698,3.312948,0.137328,3.450974,12240.591844,3.460602
854,0.000725,3.311377,0.137996,3.450098,12240.595304,3.459603
855,0.000825,3.336543,0.137114,3.474482,12240.598788,3.483955
856,0.000717,3.362022,0.137482,3.500221,12240.602297,3.509654
857,0.000647,3.314361,0.143969,3.458977,12240.605766,3.468328
858,0.001032,3.317707,0.141555,3.460294,12240.609235,3.469479
859,0.000784,3.298342,0.138493,3.437619,12240.612682,3.446994
860,0.000818,3.314270,0.094961,3.410049,12240.616102,3.419348
861,0.000750,3.400526,0.135192,3.536468,12240.619652,3.550005
862,0.000857,3.372100,0.126006,3.498963,12240.623160,3.508370
863,0.000664,3.332413,0.157564,3.490641,12240.626660,3.500248
864,0.000710,3.305946,0.072920,3.379576,12240.630049,3.388961
865,0.000760,3.343649,0.138175,3.482584,12240.633541,3.492162
866,0.000704,3.314947,0.066557,3.382208,12240.636933,3.391747
867,0.000705,3.349232,0.141014,3.490951,12240.640433,3.500464
868,0.000785,3.310848,0.130960,3.442593,12240.643885,3.451986
869,0.000776,3.477214,0.133627,3.611617,12240.647507,3.621106
870,0.001197,3.408789,0.063711,3.473697,12240.650990,3.483211
871,0.005594,3.561728,0.195035,3.762357,12240.654762,3.771869
872,0.001894,3.448663,0.138770,3.589327,12240.658369,3.607630
873,0.000902,3.323949,0.137317,3.462168,12240.661842,3.472843
874,0.000765,3.473118,0.139394,3.613277,12240.665465,3.622704
875,0.001004,3.315707,0.102383,3.419094,12240.668894,3.428706
876,0.000858,3.374568,0.128395,3.503821,12240.672407,3.513301
877,0.000697,3.342981,0.129104,3.472782,12240.675889,3.482295
878,0.000898,3.446627,0.141863,3.589388,12240.679488,3.598628
879,0.000743,3.351728,0.065795,3.418266,12240.682915,3.427628
880,0.000699,3.348739,0.141583,3.491021,12240.686416,3.500525
881,0.000742,3.313712,0.137609,3.452063,12240.689877,3.461484
882,0.000756,3.345032,0.135200,3.480988,12240.693368,3.490477
883,0.000702,3.371107,0.128983,3.500792,12240.696878,3.510324
884,0.001159,3.369337,0.136905,3.507401,12240.700395,3.516830
885,0.000819,3.362936,0.139189,3.502944,12240.703907,3.512276
886,0.001149,3.377832,0.138489,3.517470,12240.707434,3.527022
887,0.000755,3.342688,0.104143,3.447586,12240.710891,3.457131
888,0.000726,3.413364,0.137927,3.552017,12240.714453,3.561650
889,0.000735,3.349196,0.091234,3.441165,12240.717904,3.450423
890,0.000722,3.312073,0.138105,3.450900,12240.721364,3.460239
891,0.000752,3.305744,0.138110,3.444606,12240.724818,3.453991
892,0.000691,3.346349,0.139806,3.486846,12240.728314,3.496112
893,0.000745,3.303291,0.143722,3.447758,12240.731771,3.457220
894,0.000814,3.417433,0.152610,3.570857,12240.735351,3.580206
895,0.000686,3.345828,0.137173,3.483687,12240.738844,3.493062
896,0.000733,3.460921,0.137458,3.599112,12240.742453,3.608772
897,0.000737,3.375569,0.065276,3.441582,12240.745904,3.450900
898,0.000991,3.377402,0.141329,3.519722,12240.749433,3.529013
899,0.000686,3.416710,0.068122,3.485518,12240.752928,3.494782
900,0.000875,3.709857,0.181029,3.891761,12240.756829,3.901036
901,0.001871,3.419863,0.144757,3.566491,12240.760414,3.585167
902,0.000904,3.352645,0.111151,3.464700,12240.763889,3.474935
903,0.000767,3.425887,0.147836,3.574490,12240.767473,3.583851
904,0.000669,3.359350,0.066084,3.426103,12240.770908,3.435458
905,0.000691,3.313397,0.139582,3.453670,12240.774371,3.462930
906,0.000676,3.317105,0.138821,3.456602,12240.777837,3.466018
907,0.000732,3.346868,0.230860,3.578460,12240.781425,3.587907
908,0.001146,3.378352,0.139031,3.518529,12240.784953,3.528221
909,0.000696,3.383224,0.148925,3.532845,12240.788496,3.542182
910,0.000834,3.343174,0.067191,3.411199,12240.791916,3.420676
911,0.000743,3.349400,0.135575,3.485718,12240.795411,3.495279
912,0.000736,3.313120,0.144174,3.458030,12240.798879,3.467476
913,0.000694,3.378535,0.142807,3.522036,12240.802410,3.531468
914,0.000775,3.313729,0.066644,3.381148,12240.805801,3.390597
915,0.000765,3.377955,0.138049,3.516769,12240.809327,3.526139
916,0.000812,3.305744,0.122978,3.429534,12240.812766,3.439147
917,0.000800,3.380740,0.134930,3.516470,12240.816292,3.525760
918,0.000866,3.342945,0.137155,3.480966,12240.819782,3.490216
919,0.000813,3.379381,0.139387,3.519581,12240.823311,3.529052
920,0.000690,3.342652,0.070313,3.413655,12240.826734,3.423085
921,0.000661,3.367285,0.138148,3.506094,12240.830250,3.515492
922,0.000739,3.339226,0.140118,3.480083,12240.833739,3.489449
923,0.000749,3.340400,0.133675,3.474824,12240.837223,3.484086
924,0.000893,3.343977,0.136983,3.481853,12240.840715,3.491353
925,0.000742,3.377492,0.136681,3.514915,12240.844239,3.524306
926,0.000857,3.387765,0.139590,3.528212,12240.847777,3.537594
927,0.000729,3.452650,0.136398,3.589777,12240.851376,3.599218
928,0.000798,3.467839,0.065370,3.534007,12240.854919,3.543217
929,0.000713,6.313782,0.255512,6.570007,12240.861499,6.579506
930,0.003197,3.576755,0.147919,3.727871,12240.865256,3.756848
931,0.001417,3.362667,0.140875,3.504959,12240.868773,3.517972
932,0.001120,3.391649,0.141082,3.533851,12240.872318,3.544421
933,0.001186,3.413533,0.140791,3.555510,12240.875883,3.565065
934,0.000864,3.519249,0.136313,3.656426,12240.879549,3.666056
935,0.000848,3.343198,0.064683,3.408729,12240.882968,3.418582
936,0.000713,3.386363,0.136198,3.523274,12240.886500,3.532884
937,0.000762,3.427957,0.089935,3.518654,12240.890029,3.528426
938,0.000811,3.359883,0.139731,3.500425,12240.893539,3.510348
939,0.000695,3.342271,0.065881,3.408847,12240.896957,3.418228
940,0.000805,3.421522,0.136861,3.559188,12240.900526,3.568688
941,0.000710,3.339601,0.066502,3.406813,12240.903942,3.416318
942,0.000801,3.408973,0.138277,3.548051,12240.907500,3.557706
943,0.000771,3.379154,0.065219,3.445144,12240.910955,3.454534
944,0.000830,3.409165,0.138250,3.548245,12240.914513,3.557793
945,0.000763,3.376647,0.066846,3.444256,12240.917966,3.453707
946,0.000781,3.347508,0.137282,3.485571,12240.921461,3.495189
947,0.000695,3.390932,0.065917,3.457544,12240.924928,3.467019
948,0.000802,3.506736,0.136410,3.643948,12240.928582,3.653486
949,0.000810,3.375631,0.070593,3.447034,12240.932038,3.456326
950,0.000835,3.432493,0.140554,3.573882,12240.935622,3.583393
951,0.000764,3.444697,0.140211,3.585672,12240.939217,3.595169
952,0.000778,3.419187,0.140235,3.560200,12240.942786,3.569472
953,0.000710,3.456618,0.138225,3.595553,12240.946391,3.604803
954,0.000706,3.409295,0.094316,3.504317,12240.949905,3.513759
955,0.000735,3.421060,0.138328,3.560123,12240.953475,3.569750
956,0.000702,3.379470,0.066766,3.446938,12240.956931,3.456758
957,0.001007,3.593927,0.188350,3.783284,12240.960724,3.792916
958,0.001490,3.431293,0.138150,3.570933,12240.964314,3.589765
959,0.000895,3.379142,0.134710,3.514747,12240.967839,3.524721
960,0.000745,3.377376,0.137597,3.515718,12240.971364,3.525420
961,0.000733,3.436875,0.099906,3.537514,12240.974912,3.547342
962,0.000673,3.448109,0.142367,3.591149,12240.978512,3.600728
963,0.000674,3.434975,0.069639,3.505288,12240.982027,3.514907
964,0.000853,3.456718,0.141648,3.599219,12240.985636,3.609128
965,0.000656,3.421321,0.140152,3.562129,12240.989208,3.572029
966,0.000840,3.442440,0.137850,3.581130,12240.992799,3.590867
967,0.000866,3.377840,0.136974,3.515680,12240.996325,3.525467
968,0.000758,3.401140,0.144313,3.546211,12240.999881,3.555855
969,0.000873,3.441524,0.138961,3.581358,12241.003471,3.590786
970,0.000661,3.472105,0.071857,3.544623,12241.007026,3.554238
971,0.000740,3.386101,0.140146,3.526987,12241.010562,3.536964
972,0.000900,3.375749,0.070122,3.446771,12241.014019,3.456550
973,0.000833,3.374962,0.144059,3.519854,12241.017551,3.532411
974,0.000832,3.442931,0.102683,3.546446,12241.021108,3.556492
975,0.000862,3.438948,0.139586,3.579396,12241.024697,3.588931
976,0.000741,3.441042,0.139822,3.581605,12241.028288,3.591084
977,0.000681,3.447199,0.133635,3.581515,12241.031879,3.590959
978,0.000705,3.425901,0.137561,3.564167,12241.035453,3.573928
979,0.000663,3.377304,0.066333,3.444300,12241.038907,3.453929
980,0.001109,3.381583,0.138744,3.521436,12241.042438,3.531263
981,0.000779,3.408226,0.068138,3.477143,12241.045925,3.486751
982,0.000733,3.448555,0.142372,3.591660,12241.049526,3.601069
983,0.000649,3.435094,0.067912,3.503655,12241.053039,3.512962
984,0.000694,3.439869,0.140974,3.581537,12241.056630,3.591183
985,0.000645,3.561018,0.179133,3.740796,12241.060380,3.750257
986,0.001904,3.501205,0.067581,3.570690,12241.063969,3.588750
987,0.000619,3.423129,0.146273,3.570021,12241.067549,3.580437
988,0.000771,3.397892,0.070206,3.468869,12241.071028,3.478774
989,0.000698,3.447389,0.139174,3.587261,12241.074626,3.597284
990,0.000886,3.434062,0.135713,3.570661,12241.078206,3.580378
991,0.000659,3.461282,0.138767,3.600708,12241.081816,3.610416
992,0.000808,3.382456,0.138253,3.521517,12241.085348,3.531303
993,0.000718,3.449198,0.098438,3.548354,12241.088906,3.558188
994,0.000703,3.390978,0.138308,3.529989,12241.092446,3.539717
995,0.000641,3.378528,0.067258,3.446427,12241.095902,3.456127
996,0.001207,3.379977,0.138455,3.519639,12241.099431,3.529416
997,0.000802,3.372724,0.099705,3.473231,12241.102914,3.482773
998,0.000923,3.378457,0.139043,3.518423,12241.106442,3.528145
999,0.000763,3.391026,0.067481,3.459270,12241.109911,3.468871
1000,0.000765,3.383960,0.138734,3.523459,12241.113444,3.532996
1001,0.000643,3.376904,0.069010,3.446557,12241.116900,3.456223
1002,0.000647,3.386731,0.139545,3.526923,12241.120437,3.536802
1003,0.000644,3.383848,0.066495,3.450987,12241.123898,3.460680
1004,0.000820,3.387394,0.139708,3.527922,12241.127435,3.537450
1005,0.000674,3.389579,0.067917,3.458170,12241.130903,3.467772
1006,0.000708,3.447505,0.140506,3.588719,12241.134501,3.598513
1007,0.000721,3.381035,0.066305,3.448061,12241.137959,3.457708
1008,0.000719,3.380706,0.142434,3.523859,12241.141492,3.533179
1009,0.000666,3.383826,0.067967,3.452459,12241.144954,3.462071
1010,0.000641,3.421450,0.139340,3.561431,12241.148525,3.571018
1011,0.000679,3.381816,0.065482,3.447977,12241.151983,3.457643
1012,0.000798,3.376730,0.144301,3.521829,12241.155514,3.531579
1013,0.000808,3.382926,0.066291,3.450025,12241.158974,3.459869
1014,0.000864,3.566786,0.186799,3.754449,12241.162739,3.764192
1015,0.001317,3.437984,0.138470,3.577771,12241.166334,3.595871
1016,0.000782,3.392733,0.145185,3.538700,12241.169884,3.549353
1017,0.000707,3.400798,0.150020,3.551525,12241.173445,3.561524
1018,0.001092,3.391432,0.067306,3.459830,12241.176915,3.469429
1019,0.000653,3.383208,0.139008,3.522869,12241.180447,3.532487
1020,0.000754,3.386544,0.067386,3.454684,12241.183912,3.464310
1021,0.000773,3.384592,0.138532,3.523897,12241.187445,3.533608
1022,0.000930,3.377991,0.067741,3.446662,12241.190901,3.456286
1023,0.000717,3.388103,0.140515,3.529335,12241.194440,3.539084
1024,0.000650,3.378395,0.094590,3.473635,12241.197924,3.483233
1025,0.000700,3.398609,0.139077,3.538386,12241.201472,3.547913
1026,0.000657,3.376991,0.066755,3.444403,12241.204926,3.454068
1027,0.000685,3.379835,0.139356,3.519876,12241.208455,3.529576
1028,0.000781,3.381656,0.066831,3.449268,12241.211914,3.458923
1029,0.000675,3.380815,0.140169,3.521659,12241.215445,3.531296
1030,0.000800,3.377674,0.066901,3.445375,12241.218900,3.454920
1031,0.000671,3.384202,0.163120,3.547993,12241.222458,3.557689
1032,0.000713,3.381381,0.065919,3.448013,12241.225916,3.457395
1033,0.000628,3.385844,0.152342,3.538814,12241.229464,3.548283
1034,0.000619,3.383577,0.066388,3.450584,12241.232924,3.460228
1035,0.000670,3.379388,0.147506,3.527564,12241.236461,3.537167
1036,0.000806,3.381551,0.066197,3.448554,12241.239919,3.458123
1037,0.000620,3.375767,0.145832,3.522219,12241.243451,3.531643
1038,0.000751,3.390251,0.067350,3.458352,12241.246919,3.467870
1039,0.000686,3.382146,0.137160,3.519992,12241.250449,3.529782
1040,0.000756,3.381402,0.066798,3.448956,12241.253907,3.458606
1041,0.000657,3.388474,0.137920,3.527051,12241.257444,3.536637
1042,0.000672,3.442182,0.154953,3.597807,12241.261051,3.607446
1043,0.002301,3.531433,0.164453,3.698187,12241.264770,3.718531
1044,0.001055,3.441122,0.139275,3.581452,12241.268365,3.595568
1045,0.000889,3.391080,0.130077,3.522046,12241.271898,3.533054
1046,0.000712,3.394364,0.134241,3.529317,12241.275438,3.539395
1047,0.000656,3.383056,0.066390,3.450102,12241.278898,3.459989
1048,0.000697,3.382773,0.141593,3.525063,12241.282432,3.534649
1049,0.000630,3.389347,0.068988,3.458965,12241.285901,3.468401
1050,0.000619,3.411884,0.150207,3.562710,12241.289473,3.572241
1051,0.000658,3.380986,0.066116,3.447760,12241.292931,3.457432
1052,0.000768,3.380221,0.138746,3.519735,12241.296460,3.529285
1053,0.000652,3.353336,0.096924,3.450912,12241.299920,3.460383
1054,0.000744,3.391693,0.142470,3.534907,12241.303465,3.544694
1055,0.000727,3.382710,0.066584,3.450021,12241.306924,3.459588
1056,0.000582,3.391023,0.136435,3.528040,12241.310462,3.537532
1057,0.000688,3.384270,0.067248,3.452206,12241.313924,3.462078
1058,0.000642,3.385707,0.137740,3.524089,12241.317458,3.533782
1059,0.000680,3.384620,0.067101,3.452401,12241.320920,3.461931
1060,0.000737,3.394859,0.136675,3.532271,12241.324462,3.541779
1061,0.000763,3.378006,0.067781,3.446550,12241.327917,3.455827
1062,0.000817,3.387424,0.142935,3.531176,12241.331458,3.540840
1063,0.000823,3.378277,0.066451,3.445551,12241.334913,3.454972
1064,0.000660,3.391309,0.138186,3.530155,12241.338453,3.539703
1065,0.000677,3.377065,0.067058,3.444800,12241.341907,3.454367
1066,0.000709,3.391579,0.142312,3.534600,12241.345452,3.544332
1067,0.000739,3.383552,0.066301,3.450592,12241.348912,3.460154
1068,0.000784,3.382193,0.142488,3.525465,12241.352447,3.534926
1069,0.000860,3.438513,0.067452,3.506825,12241.355963,3.516198
1070,0.000732,3.381016,0.146300,3.528048,12241.359501,3.537852
1071,0.000649,3.558315,0.175861,3.734825,12241.363245,3.744378
1072,0.001836,3.443958,0.146196,3.591990,12241.366856,3.610896
1073,0.000695,3.390786,0.166767,3.558248,12241.370424,3.568017
1074,0.000632,3.500338,0.065010,3.565980,12241.374000,3.575749
1075,0.000686,3.379062,0.138823,3.518571,12241.377533,3.533491
1076,0.000726,3.506944,0.136113,3.643783,12241.381187,3.653271
1077,0.000663,3.402941,0.107429,3.511033,12241.384707,3.520657
1078,0.000678,3.373637,0.140828,3.515143,12241.388232,3.524724
1079,0.000693,3.377270,0.138709,3.516672,12241.391758,3.526277
1080,0.000704,3.388253,0.137108,3.526065,12241.395294,3.535605
1081,0.000623,3.383885,0.136707,3.521215,12241.398825,3.530763
1082,0.000699,3.374986,0.135737,3.511422,12241.402346,3.520916
1083,0.000704,3.392738,0.133772,3.527214,12241.405882,3.536777
1084,0.000860,3.427268,0.135891,3.564019,12241.409456,3.573592
1085,0.000732,3.375193,0.067570,3.443495,12241.412909,3.453115
1086,0.000802,3.384755,0.139420,3.524977,12241.416444,3.534775
1087,0.000710,3.386111,0.066169,3.452990,12241.419906,3.462548
1088,0.000716,3.383703,0.141365,3.525784,12241.423442,3.535381
1089,0.000676,3.370795,0.094876,3.466347,12241.426918,3.475962
1090,0.000649,3.391427,0.138415,3.530491,12241.430458,3.540056
1091,0.000643,3.381189,0.065748,3.447580,12241.433915,3.457188
1092,0.001262,3.379156,0.142276,3.522694,12241.437447,3.532380
1093,0.000632,3.369669,0.095634,3.465935,12241.440923,3.475495
1094,0.000672,3.380853,0.137326,3.518851,12241.444451,3.528564
1095,0.000649,3.378428,0.066681,3.445758,12241.447907,3.455344
1096,0.000667,3.370729,0.142335,3.513731,12241.451430,3.523315
1097,0.000632,3.390757,0.068255,3.459644,12241.454899,3.469114
1098,0.000658,3.393530,0.135235,3.529423,12241.458438,3.539214
1099,0.000561,3.378695,0.093824,3.473080,12241.461921,3.482679
1100,0.000800,5.896438,0.158276,6.055514,12241.467986,6.065003
1101,0.002920,3.492801,0.146101,3.641822,12241.471667,3.681453
1102,0.001024,3.396333,0.136944,3.534301,12241.475213,3.545990
1103,0.000774,3.391681,0.137486,3.529941,12241.478754,3.540074
1104,0.000791,3.400768,0.138077,3.539636,12241.482303,3.549539
1105,0.000708,3.379198,0.140153,3.520059,12241.485833,3.529974
1106,0.000755,3.385467,0.142623,3.528845,12241.489372,3.538706
1107,0.000775,3.379015,0.133821,3.513611,12241.492895,3.523369
1108,0.000786,3.383294,0.136803,3.520883,12241.496426,3.530616
1109,0.000679,3.386796,0.095925,3.483400,12241.499919,3.492976
1110,0.000708,3.383345,0.139119,3.523172,12241.503451,3.532578
1111,0.000704,3.384949,0.068192,3.453845,12241.506915,3.463617
1112,0.000668,3.387279,0.140684,3.528631,12241.510453,3.538146
1113,0.000751,3.382645,0.069166,3.452562,12241.513915,3.462104
1114,0.000887,3.389492,0.142522,3.532901,12241.517458,3.542844
1115,0.000824,3.377514,0.067698,3.446036,12241.520914,3.455661
1116,0.000841,3.388466,0.139496,3.528803,12241.524452,3.538684
1117,0.000622,3.395959,0.068683,3.465264,12241.527927,3.474979
1118,0.000754,3.373564,0.139751,3.514069,12241.531451,3.523859
1119,0.000712,3.380682,0.068013,3.449407,12241.534910,3.458866
1120,0.000680,3.384619,0.138891,3.524190,12241.538444,3.533715
1121,0.000669,3.465231,0.066817,3.532717,12241.541986,3.542463
1122,0.000673,3.396223,0.139472,3.536368,12241.545532,3.546152
1123,0.000690,3.374138,0.064748,3.439576,12241.548981,3.449096
1124,0.000807,3.489232,0.141069,3.631108,12241.552622,3.640480
1125,0.000880,3.506333,0.137098,3.644311,12241.556276,3.653791
1126,0.000665,3.502264,0.105287,3.608216,12241.559893,3.617496
1127,0.000721,3.438589,0.172411,3.611721,12241.563515,3.621334
1128,0.002029,3.584662,0.167740,3.754431,12241.567289,3.774106
1129,0.001082,3.404307,0.145681,3.551070,12241.570855,3.566323
1130,0.000667,3.381093,0.137628,3.519388,12241.574385,3.529716
1131,0.000704,3.379091,0.130212,3.510007,12241.577905,3.519856
1132,0.000994,3.415903,0.142719,3.559616,12241.581474,3.569269
1133,0.000741,3.381122,0.068024,3.449887,12241.584933,3.459625
1134,0.000825,3.497067,0.141264,3.639156,12241.588582,3.649006
1135,0.000718,3.373299,0.070217,3.444234,12241.592036,3.453879
1136,0.000628,3.382542,0.140430,3.523600,12241.595570,3.533229
1137,0.000684,3.378527,0.070878,3.450089,12241.599029,3.459655
1138,0.000723,3.386512,0.140091,3.527326,12241.602566,3.537160
1139,0.000701,3.384751,0.069873,3.455325,12241.606031,3.465001
1140,0.000739,3.380002,0.138298,3.519039,12241.609560,3.528845
1141,0.000594,3.387338,0.069665,3.457597,12241.613027,3.467189
1142,0.000639,3.350366,0.143589,3.494594,12241.616532,3.504400
1143,0.000638,3.377932,0.064664,3.443234,12241.619985,3.452730
1144,0.000587,3.395095,0.142268,3.537950,12241.623532,3.547519
1145,0.000582,3.382067,0.065825,3.448474,12241.626990,3.457971
1146,0.005542,3.376978,0.146306,3.528826,12241.630529,3.538583
1147,0.000634,3.378096,0.064477,3.443207,12241.633981,3.452639
1148,0.000692,3.383454,0.144925,3.529071,12241.637520,3.538610
1149,0.000624,3.379978,0.065762,3.446364,12241.640976,3.456146
1150,0.000659,3.392697,0.139802,3.533158,12241.644519,3.542794
1151,0.000609,3.377295,0.064976,3.442880,12241.647971,3.452432
1152,0.000604,3.376439,0.139286,3.516329,12241.651497,3.526012
1153,0.000713,3.385469,0.067608,3.453790,12241.654961,3.463408
1154,0.000707,3.380610,0.142347,3.523664,12241.658494,3.533140
1155,0.000610,3.378775,0.067141,3.446526,12241.661950,3.456060
1156,0.000760,3.532784,0.184985,3.718529,12241.665678,3.728081
1157,0.001766,3.432409,0.140229,3.574404,12241.669270,3.592351
1158,0.000669,3.397805,0.137104,3.535578,12241.672816,3.545853
1159,0.000629,3.384593,0.108487,3.493709,12241.676320,3.503336
1160,0.000694,3.390369,0.136348,3.527411,12241.679857,3.537043
1161,0.000657,3.379891,0.140210,3.520758,12241.683387,3.530466
1162,0.000557,3.380126,0.105165,3.485848,12241.686882,3.495447
1163,0.000616,3.399548,0.234641,3.634805,12241.690527,3.644385
1164,0.000668,3.406664,0.070227,3.477559,12241.694014,3.487342
1165,0.000552,3.381519,0.143099,3.525170,12241.697549,3.534978
1166,0.000819,3.381611,0.069434,3.451864,12241.701011,3.461795
1167,0.000976,3.385734,0.140271,3.526981,12241.704548,3.536765
1168,0.000651,3.377483,0.070115,3.448249,12241.708006,3.457836
1169,0.000616,3.387107,0.137371,3.525094,12241.711540,3.534851
1170,0.000750,3.375221,0.064374,3.440345,12241.714990,3.449911
1171,0.000801,3.396490,0.145651,3.542942,12241.718547,3.557056
1172,0.000880,3.377012,0.063909,3.441801,12241.721999,3.451300
1173,0.000599,3.375430,0.138614,3.514643,12241.725528,3.529625
1174,0.000665,3.382179,0.063499,3.446343,12241.728984,3.455842
1175,0.000544,3.382367,0.141269,3.524180,12241.732518,3.533572
1176,0.000571,3.381506,0.064309,3.446386,12241.735974,3.455924
1177,0.000627,3.373343,0.140829,3.514799,12241.739498,3.524307
1178,0.000670,3.386122,0.067239,3.454031,12241.742961,3.463530
1179,0.000743,3.384564,0.140677,3.525984,12241.746497,3.535639
1180,0.001075,3.384475,0.067644,3.453194,12241.749960,3.462894
1181,0.000620,3.379749,0.139463,3.519832,12241.753489,3.529444
1182,0.000794,3.380076,0.067012,3.447882,12241.756947,3.457535
1183,0.000620,3.390839,0.140750,3.532209,12241.760489,3.541659
1184,0.000621,3.401130,0.093736,3.495487,12241.763994,3.504872
1185,0.001361,3.538354,0.172875,3.712590,12241.767726,3.732275
1186,0.001313,3.443155,0.139854,3.584322,12241.771327,3.601144
1187,0.000767,3.411486,0.133926,3.546179,12241.774884,3.557426
1188,0.000771,3.404500,0.141017,3.546288,12241.778441,3.556199
1189,0.000689,3.384366,0.067141,3.452196,12241.781903,3.461986
1190,0.000716,3.393088,0.139995,3.533799,12241.785446,3.543895
1191,0.000751,3.394170,0.066410,3.461331,12241.788918,3.471156
1192,0.000613,3.392786,0.144248,3.537647,12241.792465,3.547450
1193,0.000703,3.379552,0.067748,3.448003,12241.795923,3.457613
1194,0.000803,3.380667,0.140066,3.521536,12241.799454,3.531030
1195,0.000552,3.385515,0.066928,3.452995,12241.802916,3.462455
1196,0.000661,3.386514,0.140870,3.528045,12241.806454,3.537370
1197,0.000897,3.381462,0.067212,3.449571,12241.809913,3.459152
1198,0.000778,3.400084,0.144634,3.545496,12241.813468,3.554966
1199,0.000643,3.376777,0.066820,3.444240,12241.816922,3.453941
