ConditionIndex,ConditionName,Scene,Metric,Level,VisualQualityScore_Mean,Uncertainty_StdDev
0,attic:dlss_rr_level0,attic,dlss_rr,level0,0.000000,0.707107
1,attic:dlss_rr_level1,attic,dlss_rr,level1,0.000000,0.707107
2,attic:dlss_rr_level2,attic,dlss_rr,level2,0.000000,0.707107
3,attic:judder_level0,attic,judder,level0,0.000000,0.707107
4,attic:judder_level1,attic,judder,level1,0.000000,0.707107
5,attic:judder_level2,attic,judder,level2,0.000000,0.707107
6,attic:motion_noise_level0,attic,motion_noise,level0,0.000000,0.707107
7,attic:motion_noise_level1,attic,motion_noise,level1,0.000000,0.707107
8,attic:motion_noise_level2,attic,motion_noise,level2,0.000000,0.707107
9,attic:motion_resolution_level0,attic,motion_resolution,level0,0.000000,0.707107
10,attic:motion_resolution_level1,attic,motion_resolution,level1,0.000000,0.707107
11,attic:motion_resolution_level2,attic,motion_resolution,level2,0.000000,0.707107
12,attic:noise_colors_level0,attic,noise_colors,level0,0.000000,0.707107
13,attic:noise_colors_level1,attic,noise_colors,level1,0.000000,0.707107
14,attic:noise_colors_level2,attic,noise_colors,level2,0.000000,0.707107
15,attic:restir_level0,attic,restir,level0,0.000000,0.707107
16,attic:restir_level1,attic,restir,level1,0.000000,0.707107
17,attic:restir_level2,attic,restir,level2,0.000000,0.707107
18,attic:stutter_level0,attic,stutter,level0,0.000000,0.707107
19,attic:stutter_level1,attic,stutter,level1,0.000000,0.707107
20,attic:stutter_level2,attic,stutter,level2,0.000000,0.707107
21,attic:temporal-resolution-multiplexing_level0,attic,temporal-resolution-multiplexing,level0,0.000000,0.707107
22,attic:temporal-resolution-multiplexing_level1,attic,temporal-resolution-multiplexing,level1,0.000000,0.707107
23,attic:temporal-resolution-multiplexing_level2,attic,temporal-resolution-multiplexing,level2,0.000000,0.707107
24,bistro_exterior:dlss_rr_level0,bistro_exterior,dlss_rr,level0,0.000000,0.707107
25,bistro_exterior:dlss_rr_level1,bistro_exterior,dlss_rr,level1,0.000000,0.707107
26,bistro_exterior:dlss_rr_level2,bistro_exterior,dlss_rr,level2,0.000000,0.707107
27,bistro_exterior:judder_level0,bistro_exterior,judder,level0,0.000000,0.707107
28,bistro_exterior:judder_level1,bistro_exterior,judder,level1,0.000000,0.707107
29,bistro_exterior:judder_level2,bistro_exterior,judder,level2,0.000000,0.707107
30,bistro_exterior:motion_noise_level0,bistro_exterior,motion_noise,level0,0.000000,0.707107
31,bistro_exterior:motion_noise_level1,bistro_exterior,motion_noise,level1,0.000000,0.707107
32,bistro_exterior:motion_noise_level2,bistro_exterior,motion_noise,level2,0.000000,0.707107
33,bistro_exterior:motion_resolution_level0,bistro_exterior,motion_resolution,level0,0.000000,0.707107
34,bistro_exterior:motion_resolution_level1,bistro_exterior,motion_resolution,level1,0.000000,0.707107
35,bistro_exterior:motion_resolution_level2,bistro_exterior,motion_resolution,level2,0.000000,0.707107
36,bistro_exterior:noise_colors_level0,bistro_exterior,noise_colors,level0,0.000000,0.707107
37,bistro_exterior:noise_colors_level1,bistro_exterior,noise_colors,level1,0.000000,0.707107
38,bistro_exterior:noise_colors_level2,bistro_exterior,noise_colors,level2,0.000000,0.707107
39,bistro_exterior:restir_level0,bistro_exterior,restir,level0,0.000000,0.707107
40,bistro_exterior:restir_level1,bistro_exterior,restir,level1,0.000000,0.707107
41,bistro_exterior:restir_level2,bistro_exterior,restir,level2,0.000000,0.707107
42,bistro_exterior:stutter_level0,bistro_exterior,stutter,level0,0.000000,0.707107
43,bistro_exterior:stutter_level1,bistro_exterior,stutter,level1,0.000000,0.707107
44,bistro_exterior:stutter_level2,bistro_exterior,stutter,level2,0.000000,0.707107
45,bistro_exterior:temporal-resolution-multiplexing_level0,bistro_exterior,temporal-resolution-multiplexing,level0,0.000000,0.707107
46,bistro_exterior:temporal-resolution-multiplexing_level1,bistro_exterior,temporal-resolution-multiplexing,level1,0.000000,0.707107
47,bistro_exterior:temporal-resolution-multiplexing_level2,bistro_exterior,temporal-resolution-multiplexing,level2,0.000000,0.707107
48,bistro_interior:dlss_rr_level0,bistro_interior,dlss_rr,level0,0.000000,0.707107
49,bistro_interior:dlss_rr_level1,bistro_interior,dlss_rr,level1,0.000000,0.707107
50,bistro_interior:dlss_rr_level2,bistro_interior,dlss_rr,level2,0.000000,0.707107
51,bistro_interior:judder_level0,bistro_interior,judder,level0,0.000000,0.707107
52,bistro_interior:judder_level1,bistro_interior,judder,level1,0.000000,0.707107
53,bistro_interior:judder_level2,bistro_interior,judder,level2,0.000000,0.707107
54,bistro_interior:motion_noise_level0,bistro_interior,motion_noise,level0,0.000000,0.707107
55,bistro_interior:motion_noise_level1,bistro_interior,motion_noise,level1,0.000000,0.707107
56,bistro_interior:motion_noise_level2,bistro_interior,motion_noise,level2,0.000000,0.707107
57,bistro_interior:motion_resolution_level0,bistro_interior,motion_resolution,level0,0.000000,0.707107
58,bistro_interior:motion_resolution_level1,bistro_interior,motion_resolution,level1,0.000000,0.707107
59,bistro_interior:motion_resolution_level2,bistro_interior,motion_resolution,level2,0.000000,0.707107
60,bistro_interior:noise_colors_level0,bistro_interior,noise_colors,level0,0.000000,0.707107
61,bistro_interior:noise_colors_level1,bistro_interior,noise_colors,level1,0.000000,0.707107
62,bistro_interior:noise_colors_level2,bistro_interior,noise_colors,level2,0.000000,0.707107
63,bistro_interior:restir_level0,bistro_interior,restir,level0,0.000000,0.707107
64,bistro_interior:restir_level1,bistro_interior,restir,level1,0.000000,0.707107
65,bistro_interior:restir_level2,bistro_interior,restir,level2,0.000000,0.707107
66,bistro_interior:stutter_level0,bistro_interior,stutter,level0,0.000000,0.707107
67,bistro_interior:stutter_level1,bistro_interior,stutter,level1,0.000000,0.707107
68,bistro_interior:stutter_level2,bistro_interior,stutter,level2,0.000000,0.707107
69,bistro_interior:temporal-resolution-multiplexing_level0,bistro_interior,temporal-resolution-multiplexing,level0,0.000000,0.707107
70,bistro_interior:temporal-resolution-multiplexing_level1,bistro_interior,temporal-resolution-multiplexing,level1,0.000000,0.707107
71,bistro_interior:temporal-resolution-multiplexing_level2,bistro_interior,temporal-resolution-multiplexing,level2,0.000000,0.707107
72,classroom:dlss_rr_level0,classroom,dlss_rr,level0,0.000000,0.707107
73,classroom:dlss_rr_level1,classroom,dlss_rr,level1,0.000000,0.707107
74,classroom:dlss_rr_level2,classroom,dlss_rr,level2,0.000000,0.707107
75,classroom:judder_level0,classroom,judder,level0,0.000000,0.707107
76,classroom:judder_level1,classroom,judder,level1,0.000000,0.707107
77,classroom:judder_level2,classroom,judder,level2,0.000000,0.707107
78,classroom:motion_noise_level0,classroom,motion_noise,level0,0.000000,0.707107
79,classroom:motion_noise_level1,classroom,motion_noise,level1,0.000000,0.707107
80,classroom:motion_noise_level2,classroom,motion_noise,level2,0.000000,0.707107
81,classroom:motion_resolution_level0,classroom,motion_resolution,level0,0.000000,0.707107
82,classroom:motion_resolution_level1,classroom,motion_resolution,level1,0.000000,0.707107
83,classroom:motion_resolution_level2,classroom,motion_resolution,level2,0.000000,0.707107
84,classroom:noise_colors_level0,classroom,noise_colors,level0,0.000000,0.707107
85,classroom:noise_colors_level1,classroom,noise_colors,level1,0.000000,0.707107
86,classroom:noise_colors_level2,classroom,noise_colors,level2,0.000000,0.707107
87,classroom:restir_level0,classroom,restir,level0,0.000000,0.707107
88,classroom:restir_level1,classroom,restir,level1,0.000000,0.707107
89,classroom:restir_level2,classroom,restir,level2,0.000000,0.707107
90,classroom:stutter_level0,classroom,stutter,level0,0.000000,0.707107
91,classroom:stutter_level1,classroom,stutter,level1,0.000000,0.707107
92,classroom:stutter_level2,classroom,stutter,level2,0.000000,0.707107
93,classroom:temporal-resolution-multiplexing_level0,classroom,temporal-resolution-multiplexing,level0,0.000000,0.707107
94,classroom:temporal-resolution-multiplexing_level1,classroom,temporal-resolution-multiplexing,level1,0.000000,0.707107
95,classroom:temporal-resolution-multiplexing_level2,classroom,temporal-resolution-multiplexing,level2,0.000000,0.707107
96,landscape:dlss_rr_level0,landscape,dlss_rr,level0,0.000000,0.707107
97,landscape:dlss_rr_level1,landscape,dlss_rr,level1,0.000000,0.707107
98,landscape:dlss_rr_level2,landscape,dlss_rr,level2,0.000000,0.707107
99,landscape:judder_level0,landscape,judder,level0,0.000000,0.707107
100,landscape:judder_level1,landscape,judder,level1,0.000000,0.707107
101,landscape:judder_level2,landscape,judder,level2,0.000000,0.707107
102,landscape:motion_noise_level0,landscape,motion_noise,level0,0.000000,0.707107
103,landscape:motion_noise_level1,landscape,motion_noise,level1,0.000000,0.707107
104,landscape:motion_noise_level2,landscape,motion_noise,level2,0.000000,0.707107
105,landscape:motion_resolution_level0,landscape,motion_resolution,level0,0.000000,0.707107
106,landscape:motion_resolution_level1,landscape,motion_resolution,level1,0.000000,0.707107
107,landscape:motion_resolution_level2,landscape,motion_resolution,level2,0.000000,0.707107
108,landscape:noise_colors_level0,landscape,noise_colors,level0,0.000000,0.707107
109,landscape:noise_colors_level1,landscape,noise_colors,level1,0.000000,0.707107
110,landscape:noise_colors_level2,landscape,noise_colors,level2,0.000000,0.707107
111,landscape:restir_level0,landscape,restir,level0,0.000000,0.707107
112,landscape:restir_level1,landscape,restir,level1,0.000000,0.707107
113,landscape:restir_level2,landscape,restir,level2,0.000000,0.707107
114,landscape:stutter_level0,landscape,stutter,level0,0.000000,0.707107
115,landscape:stutter_level1,landscape,stutter,level1,0.000000,0.707107
116,landscape:stutter_level2,landscape,stutter,level2,0.000000,0.707107
117,landscape:temporal-resolution-multiplexing_level0,landscape,temporal-resolution-multiplexing,level0,0.000000,0.707107
118,landscape:temporal-resolution-multiplexing_level1,landscape,temporal-resolution-multiplexing,level1,0.000000,0.707107
119,landscape:temporal-resolution-multiplexing_level2,landscape,temporal-resolution-multiplexing,level2,0.000000,0.707107
120,marbles:dlss_rr_level0,marbles,dlss_rr,level0,0.000000,0.707107
121,marbles:dlss_rr_level1,marbles,dlss_rr,level1,0.000000,0.707107
122,marbles:dlss_rr_level2,marbles,dlss_rr,level2,0.000000,0.707107
123,marbles:judder_level0,marbles,judder,level0,0.000000,0.707107
124,marbles:judder_level1,marbles,judder,level1,0.000000,0.707107
125,marbles:judder_level2,marbles,judder,level2,0.000000,0.707107
126,marbles:motion_noise_level0,marbles,motion_noise,level0,0.000000,0.707107
127,marbles:motion_noise_level1,marbles,motion_noise,level1,0.000000,0.707107
128,marbles:motion_noise_level2,marbles,motion_noise,level2,0.000000,0.707107
129,marbles:motion_resolution_level0,marbles,motion_resolution,level0,0.000000,0.707107
130,marbles:motion_resolution_level1,marbles,motion_resolution,level1,0.000000,0.707107
131,marbles:motion_resolution_level2,marbles,motion_resolution,level2,0.000000,0.707107
132,marbles:noise_colors_level0,marbles,noise_colors,level0,0.000000,0.707107
133,marbles:noise_colors_level1,marbles,noise_colors,level1,0.000000,0.707107
134,marbles:noise_colors_level2,marbles,noise_colors,level2,0.000000,0.707107
135,marbles:restir_level0,marbles,restir,level0,0.000000,0.707107
136,marbles:restir_level1,marbles,restir,level1,0.000000,0.707107
137,marbles:restir_level2,marbles,restir,level2,0.000000,0.707107
138,marbles:stutter_level0,marbles,stutter,level0,0.000000,0.707107
139,marbles:stutter_level1,marbles,stutter,level1,0.000000,0.707107
140,marbles:stutter_level2,marbles,stutter,level2,0.000000,0.707107
141,marbles:temporal-resolution-multiplexing_level0,marbles,temporal-resolution-multiplexing,level0,0.000000,0.707107
142,marbles:temporal-resolution-multiplexing_level1,marbles,temporal-resolution-multiplexing,level1,0.000000,0.707107
143,marbles:temporal-resolution-multiplexing_level2,marbles,temporal-resolution-multiplexing,level2,0.000000,0.707107
144,pink_room:dlss_rr_level0,pink_room,dlss_rr,level0,0.000000,0.707107
145,pink_room:dlss_rr_level1,pink_room,dlss_rr,level1,0.000000,0.707107
146,pink_room:dlss_rr_level2,pink_room,dlss_rr,level2,0.000000,0.707107
147,pink_room:judder_level0,pink_room,judder,level0,0.000000,0.707107
148,pink_room:judder_level1,pink_room,judder,level1,0.000000,0.707107
149,pink_room:judder_level2,pink_room,judder,level2,0.000000,0.707107
150,pink_room:motion_noise_level0,pink_room,motion_noise,level0,0.000000,0.707107
151,pink_room:motion_noise_level1,pink_room,motion_noise,level1,0.000000,0.707107
152,pink_room:motion_noise_level2,pink_room,motion_noise,level2,0.000000,0.707107
153,pink_room:motion_resolution_level0,pink_room,motion_resolution,level0,0.000000,0.707107
154,pink_room:motion_resolution_level1,pink_room,motion_resolution,level1,0.000000,0.707107
155,pink_room:motion_resolution_level2,pink_room,motion_resolution,level2,0.000000,0.707107
156,pink_room:noise_colors_level0,pink_room,noise_colors,level0,0.000000,0.707107
157,pink_room:noise_colors_level1,pink_room,noise_colors,level1,0.000000,0.707107
158,pink_room:noise_colors_level2,pink_room,noise_colors,level2,0.000000,0.707107
159,pink_room:restir_level0,pink_room,restir,level0,0.000000,0.707107
160,pink_room:restir_level1,pink_room,restir,level1,0.000000,0.707107
161,pink_room:restir_level2,pink_room,restir,level2,0.000000,0.707107
162,pink_room:stutter_level0,pink_room,stutter,level0,0.000000,0.707107
163,pink_room:stutter_level1,pink_room,stutter,level1,0.000000,0.707107
164,pink_room:stutter_level2,pink_room,stutter,level2,0.000000,0.707107
165,pink_room:temporal-resolution-multiplexing_level0,pink_room,temporal-resolution-multiplexing,level0,0.000000,0.707107
166,pink_room:temporal-resolution-multiplexing_level1,pink_room,temporal-resolution-multiplexing,level1,0.000000,0.707107
167,pink_room:temporal-resolution-multiplexing_level2,pink_room,temporal-resolution-multiplexing,level2,0.000000,0.707107
168,subway:dlss_rr_level0,subway,dlss_rr,level0,0.000000,0.707107
169,subway:dlss_rr_level1,subway,dlss_rr,level1,0.000000,0.707107
170,subway:dlss_rr_level2,subway,dlss_rr,level2,0.000000,0.707107
171,subway:judder_level0,subway,judder,level0,0.000000,0.707107
172,subway:judder_level1,subway,judder,level1,0.000000,0.707107
173,subway:judder_level2,subway,judder,level2,0.000000,0.707107
174,subway:motion_noise_level0,subway,motion_noise,level0,0.000000,0.707107
175,subway:motion_noise_level1,subway,motion_noise,level1,0.000000,0.707107
176,subway:motion_noise_level2,subway,motion_noise,level2,0.000000,0.707107
177,subway:motion_resolution_level0,subway,motion_resolution,level0,0.000000,0.707107
178,subway:motion_resolution_level1,subway,motion_resolution,level1,0.000000,0.707107
179,subway:motion_resolution_level2,subway,motion_resolution,level2,0.000000,0.707107
180,subway:noise_colors_level0,subway,noise_colors,level0,0.000000,0.707107
181,subway:noise_colors_level1,subway,noise_colors,level1,0.000000,0.707107
182,subway:noise_colors_level2,subway,noise_colors,level2,0.000000,0.707107
183,subway:restir_level0,subway,restir,level0,0.000000,0.707107
184,subway:restir_level1,subway,restir,level1,0.000000,0.707107
185,subway:restir_level2,subway,restir,level2,0.000000,0.707107
186,subway:stutter_level0,subway,stutter,level0,0.000000,0.707107
187,subway:stutter_level1,subway,stutter,level1,0.000000,0.707107
188,subway:stutter_level2,subway,stutter,level2,0.000000,0.707107
189,subway:temporal-resolution-multiplexing_level0,subway,temporal-resolution-multiplexing,level0,0.000000,0.707107
190,subway:temporal-resolution-multiplexing_level1,subway,temporal-resolution-multiplexing,level1,0.000000,0.707107
191,subway:temporal-resolution-multiplexing_level2,subway,temporal-resolution-multiplexing,level2,0.000000,0.707107
192,zeroday:dlss_rr_level0,zeroday,dlss_rr,level0,0.000000,0.707107
193,zeroday:dlss_rr_level1,zeroday,dlss_rr,level1,0.000000,0.707107
194,zeroday:dlss_rr_level2,zeroday,dlss_rr,level2,0.000000,0.707107
195,zeroday:judder_level0,zeroday,judder,level0,0.000000,0.707107
196,zeroday:judder_level1,zeroday,judder,level1,0.000000,0.707107
197,zeroday:judder_level2,zeroday,judder,level2,0.000000,0.707107
198,zeroday:motion_noise_level0,zeroday,motion_noise,level0,0.000000,0.707107
199,zeroday:motion_noise_level1,zeroday,motion_noise,level1,0.000000,0.707107
200,zeroday:motion_noise_level2,zeroday,motion_noise,level2,0.000000,0.707107
201,zeroday:motion_resolution_level0,zeroday,motion_resolution,level0,0.000000,0.707107
202,zeroday:motion_resolution_level1,zeroday,motion_resolution,level1,0.000000,0.707107
203,zeroday:motion_resolution_level2,zeroday,motion_resolution,level2,0.000000,0.707107
204,zeroday:noise_colors_level0,zeroday,noise_colors,level0,0.000000,0.707107
205,zeroday:noise_colors_level1,zeroday,noise_colors,level1,0.000000,0.707107
206,zeroday:noise_colors_level2,zeroday,noise_colors,level2,0.000000,0.707107
207,zeroday:restir_level0,zeroday,restir,level0,0.000000,0.707107
208,zeroday:restir_level1,zeroday,restir,level1,0.000000,0.707107
209,zeroday:restir_level2,zeroday,restir,level2,0.000000,0.707107
210,zeroday:stutter_level0,zeroday,stutter,level0,0.000000,0.707107
211,zeroday:stutter_level1,zeroday,stutter,level1,0.000000,0.707107
212,zeroday:stutter_level2,zeroday,stutter,level2,0.000000,0.707107
213,zeroday:temporal-resolution-multiplexing_level0,zeroday,temporal-resolution-multiplexing,level0,0.000000,0.707107
214,zeroday:temporal-resolution-multiplexing_level1,zeroday,temporal-resolution-multiplexing,level1,0.000000,0.707107
215,zeroday:temporal-resolution-multiplexing_level2,zeroday,temporal-resolution-multiplexing,level2,0.000000,0.707107
