Scene,RankInScene,ConditionName,Filename,Metric,Level,VisualQuality_Mean,Uncertainty_StdDev,ComparisonsCount
attic,1,attic:stutter_level0,attic/stutter/level0/video0.rgb,stutter,level0,+0.28209,0.64840,1
attic,2,attic:noise_colors_level2,attic/noise_colors/level2/video0.rgb,noise_colors,level2,+0.28209,0.64840,1
attic,3,attic:motion_noise_level0,attic/motion_noise/level0/video0.rgb,motion_noise,level0,+0.28209,0.64840,1
attic,4,attic:dlss_rr_level1,attic/dlss_rr/level1/video0.rgb,dlss_rr,level1,+0.28209,0.64840,1
attic,5,attic:duration_flicker_level0,attic/duration_flicker/level0/video0.rgb,duration_flicker,level0,+0.28209,0.64840,1
attic,6,attic:motion_noise_level1,attic/motion_noise/level1/video0.rgb,motion_noise,level1,+0.24298,0.65063,1
attic,7,attic:duration_flicker_level1,attic/duration_flicker/level1/video0.rgb,duration_flicker,level1,+0.24298,0.65063,1
attic,8,attic:judder_level0,attic/judder/level0/video0.rgb,judder,level0,+0.24298,0.65063,1
attic,9,attic:stutter_level2,attic/stutter/level2/video0.rgb,stutter,level2,+0.24298,0.65063,1
attic,10,attic:restir_level2,attic/restir/level2/video0.rgb,restir,level2,+0.00000,0.70711,0
attic,11,attic:temporal-resolution-multiplexing_level0,attic/temporal-resolution-multiplexing/level0/video0.rgb,temporal-resolution-multiplexing,level0,+0.00000,0.70711,0
attic,12,attic:judder_level2,attic/judder/level2/video0.rgb,judder,level2,+0.00000,0.70711,0
attic,13,attic:motion_noise_level2,attic/motion_noise/level2/video0.rgb,motion_noise,level2,+0.00000,0.70711,0
attic,14,attic:motion_resolution_level1,attic/motion_resolution/level1/video0.rgb,motion_resolution,level1,+0.00000,0.70711,0
attic,15,attic:noise_colors_level1,attic/noise_colors/level1/video0.rgb,noise_colors,level1,+0.00000,0.70711,0
attic,16,attic:stutter_level1,attic/stutter/level1/video0.rgb,stutter,level1,+0.00000,0.70711,0
attic,17,attic:temporal-resolution-multiplexing_level1,attic/temporal-resolution-multiplexing/level1/video0.rgb,temporal-resolution-multiplexing,level1,+0.00000,0.70711,0
attic,18,attic:noise_colors_level0,attic/noise_colors/level0/video0.rgb,noise_colors,level0,+0.00000,0.70711,0
attic,19,attic:motion_resolution_level2,attic/motion_resolution/level2/video0.rgb,motion_resolution,level2,+0.00000,0.70711,0
attic,20,attic:motion_resolution_level0,attic/motion_resolution/level0/video0.rgb,motion_resolution,level0,+0.00000,0.70711,0
attic,21,attic:duration_flicker_level2,attic/duration_flicker/level2/video0.rgb,duration_flicker,level2,-0.28209,0.64840,1
attic,22,attic:restir_level0,attic/restir/level0/video0.rgb,restir,level0,-0.28209,0.64840,1
attic,23,attic:restir_level1,attic/restir/level1/video0.rgb,restir,level1,-0.28209,0.64840,1
attic,24,attic:dlss_rr_level0,attic/dlss_rr/level0/video0.rgb,dlss_rr,level0,-0.28209,0.64840,1
attic,25,attic:judder_level1,attic/judder/level1/video0.rgb,judder,level1,-0.28209,0.64840,1
attic,26,attic:temporal-resolution-multiplexing_level2,attic/temporal-resolution-multiplexing/level2/video0.rgb,temporal-resolution-multiplexing,level2,-0.48597,0.60798,2
attic,27,attic:dlss_rr_level2,attic/dlss_rr/level2/video0.rgb,dlss_rr,level2,-0.48597,0.60798,2
bistro_exterior,1,bistro_exterior:motion_resolution_level0,bistro_exterior/motion_resolution/level0/video0.rgb,motion_resolution,level0,+0.28209,0.64840,1
bistro_exterior,2,bistro_exterior:judder_level1,bistro_exterior/judder/level1/video0.rgb,judder,level1,+0.28209,0.64840,1
bistro_exterior,3,bistro_exterior:temporal-resolution-multiplexing_level2,bistro_exterior/temporal-resolution-multiplexing/level2/video0.rgb,temporal-resolution-multiplexing,level2,+0.00000,0.70711,0
bistro_exterior,4,bistro_exterior:stutter_level2,bistro_exterior/stutter/level2/video0.rgb,stutter,level2,+0.00000,0.70711,0
bistro_exterior,5,bistro_exterior:stutter_level1,bistro_exterior/stutter/level1/video0.rgb,stutter,level1,+0.00000,0.70711,0
bistro_exterior,6,bistro_exterior:stutter_level0,bistro_exterior/stutter/level0/video0.rgb,stutter,level0,+0.00000,0.70711,0
bistro_exterior,7,bistro_exterior:restir_level1,bistro_exterior/restir/level1/video0.rgb,restir,level1,+0.00000,0.70711,0
bistro_exterior,8,bistro_exterior:noise_colors_level2,bistro_exterior/noise_colors/level2/video0.rgb,noise_colors,level2,+0.00000,0.70711,0
bistro_exterior,9,bistro_exterior:restir_level0,bistro_exterior/restir/level0/video0.rgb,restir,level0,+0.00000,0.70711,0
bistro_exterior,10,bistro_exterior:temporal-resolution-multiplexing_level1,bistro_exterior/temporal-resolution-multiplexing/level1/video0.rgb,temporal-resolution-multiplexing,level1,+0.00000,0.70711,0
bistro_exterior,11,bistro_exterior:temporal-resolution-multiplexing_level0,bistro_exterior/temporal-resolution-multiplexing/level0/video0.rgb,temporal-resolution-multiplexing,level0,+0.00000,0.70711,0
bistro_exterior,12,bistro_exterior:judder_level2,bistro_exterior/judder/level2/video0.rgb,judder,level2,+0.00000,0.70711,0
bistro_exterior,13,bistro_exterior:judder_level0,bistro_exterior/judder/level0/video0.rgb,judder,level0,+0.00000,0.70711,0
bistro_exterior,14,bistro_exterior:motion_resolution_level2,bistro_exterior/motion_resolution/level2/video0.rgb,motion_resolution,level2,+0.00000,0.70711,0
bistro_exterior,15,bistro_exterior:noise_colors_level0,bistro_exterior/noise_colors/level0/video0.rgb,noise_colors,level0,+0.00000,0.70711,0
bistro_exterior,16,bistro_exterior:motion_noise_level2,bistro_exterior/motion_noise/level2/video0.rgb,motion_noise,level2,+0.00000,0.70711,0
bistro_exterior,17,bistro_exterior:motion_noise_level1,bistro_exterior/motion_noise/level1/video0.rgb,motion_noise,level1,+0.00000,0.70711,0
bistro_exterior,18,bistro_exterior:motion_noise_level0,bistro_exterior/motion_noise/level0/video0.rgb,motion_noise,level0,+0.00000,0.70711,0
bistro_exterior,19,bistro_exterior:motion_resolution_level1,bistro_exterior/motion_resolution/level1/video0.rgb,motion_resolution,level1,+0.00000,0.70711,0
bistro_exterior,20,bistro_exterior:duration_flicker_level0,bistro_exterior/duration_flicker/level0/video0.rgb,duration_flicker,level0,+0.00000,0.70711,0
bistro_exterior,21,bistro_exterior:dlss_rr_level2,bistro_exterior/dlss_rr/level2/video0.rgb,dlss_rr,level2,+0.00000,0.70711,0
bistro_exterior,22,bistro_exterior:duration_flicker_level2,bistro_exterior/duration_flicker/level2/video0.rgb,duration_flicker,level2,+0.00000,0.70711,0
bistro_exterior,23,bistro_exterior:duration_flicker_level1,bistro_exterior/duration_flicker/level1/video0.rgb,duration_flicker,level1,+0.00000,0.70711,0
bistro_exterior,24,bistro_exterior:dlss_rr_level1,bistro_exterior/dlss_rr/level1/video0.rgb,dlss_rr,level1,+0.00000,0.70711,0
bistro_exterior,25,bistro_exterior:dlss_rr_level0,bistro_exterior/dlss_rr/level0/video0.rgb,dlss_rr,level0,+0.00000,0.70711,0
bistro_exterior,26,bistro_exterior:noise_colors_level1,bistro_exterior/noise_colors/level1/video0.rgb,noise_colors,level1,-0.28209,0.64840,1
bistro_exterior,27,bistro_exterior:restir_level2,bistro_exterior/restir/level2/video0.rgb,restir,level2,-0.28209,0.64840,1
bistro_interior,1,bistro_interior:stutter_level1,bistro_interior/stutter/level1/video0.rgb,stutter,level1,+0.33620,0.64142,1
bistro_interior,2,bistro_interior:motion_noise_level2,bistro_interior/motion_noise/level2/video0.rgb,motion_noise,level2,+0.28209,0.64840,1
bistro_interior,3,bistro_interior:noise_colors_level0,bistro_interior/noise_colors/level0/video0.rgb,noise_colors,level0,+0.28209,0.64840,1
bistro_interior,4,bistro_interior:judder_level0,bistro_interior/judder/level0/video0.rgb,judder,level0,+0.28209,0.64840,1
bistro_interior,5,bistro_interior:duration_flicker_level2,bistro_interior/duration_flicker/level2/video0.rgb,duration_flicker,level2,+0.28209,0.64840,1
bistro_interior,6,bistro_interior:stutter_level0,bistro_interior/stutter/level0/video0.rgb,stutter,level0,+0.00000,0.70711,0
bistro_interior,7,bistro_interior:restir_level2,bistro_interior/restir/level2/video0.rgb,restir,level2,+0.00000,0.70711,0
bistro_interior,8,bistro_interior:restir_level0,bistro_interior/restir/level0/video0.rgb,restir,level0,+0.00000,0.70711,0
bistro_interior,9,bistro_interior:noise_colors_level2,bistro_interior/noise_colors/level2/video0.rgb,noise_colors,level2,+0.00000,0.70711,0
bistro_interior,10,bistro_interior:stutter_level2,bistro_interior/stutter/level2/video0.rgb,stutter,level2,+0.00000,0.70711,0
bistro_interior,11,bistro_interior:temporal-resolution-multiplexing_level0,bistro_interior/temporal-resolution-multiplexing/level0/video0.rgb,temporal-resolution-multiplexing,level0,+0.00000,0.70711,0
bistro_interior,12,bistro_interior:duration_flicker_level0,bistro_interior/duration_flicker/level0/video0.rgb,duration_flicker,level0,+0.00000,0.70711,0
bistro_interior,13,bistro_interior:judder_level2,bistro_interior/judder/level2/video0.rgb,judder,level2,+0.00000,0.70711,0
bistro_interior,14,bistro_interior:judder_level1,bistro_interior/judder/level1/video0.rgb,judder,level1,+0.00000,0.70711,0
bistro_interior,15,bistro_interior:noise_colors_level1,bistro_interior/noise_colors/level1/video0.rgb,noise_colors,level1,+0.00000,0.70711,0
bistro_interior,16,bistro_interior:motion_noise_level0,bistro_interior/motion_noise/level0/video0.rgb,motion_noise,level0,+0.00000,0.70711,0
bistro_interior,17,bistro_interior:motion_noise_level1,bistro_interior/motion_noise/level1/video0.rgb,motion_noise,level1,+0.00000,0.70711,0
bistro_interior,18,bistro_interior:motion_resolution_level0,bistro_interior/motion_resolution/level0/video0.rgb,motion_resolution,level0,+0.00000,0.70711,0
bistro_interior,19,bistro_interior:motion_resolution_level1,bistro_interior/motion_resolution/level1/video0.rgb,motion_resolution,level1,+0.00000,0.70711,0
bistro_interior,20,bistro_interior:dlss_rr_level0,bistro_interior/dlss_rr/level0/video0.rgb,dlss_rr,level0,+0.00000,0.70711,0
bistro_interior,21,bistro_interior:dlss_rr_level2,bistro_interior/dlss_rr/level2/video0.rgb,dlss_rr,level2,+0.00000,0.70711,0
bistro_interior,22,bistro_interior:duration_flicker_level1,bistro_interior/duration_flicker/level1/video0.rgb,duration_flicker,level1,+0.00000,0.59439,2
bistro_interior,23,bistro_interior:temporal-resolution-multiplexing_level2,bistro_interior/temporal-resolution-multiplexing/level2/video0.rgb,temporal-resolution-multiplexing,level2,-0.28209,0.64840,1
bistro_interior,24,bistro_interior:motion_resolution_level2,bistro_interior/motion_resolution/level2/video0.rgb,motion_resolution,level2,-0.28209,0.64840,1
bistro_interior,25,bistro_interior:temporal-resolution-multiplexing_level1,bistro_interior/temporal-resolution-multiplexing/level1/video0.rgb,temporal-resolution-multiplexing,level1,-0.28209,0.64840,1
bistro_interior,26,bistro_interior:dlss_rr_level1,bistro_interior/dlss_rr/level1/video0.rgb,dlss_rr,level1,-0.28209,0.64840,1
bistro_interior,27,bistro_interior:restir_level1,bistro_interior/restir/level1/video0.rgb,restir,level1,-0.33620,0.64142,1
classroom,1,classroom:stutter_level0,classroom/stutter/level0/video0.rgb,stutter,level0,+0.28209,0.64840,1
classroom,2,classroom:restir_level0,classroom/restir/level0/video0.rgb,restir,level0,+0.28209,0.64840,1
classroom,3,classroom:noise_colors_level0,classroom/noise_colors/level0/video0.rgb,noise_colors,level0,+0.28209,0.64840,1
classroom,4,classroom:judder_level1,classroom/judder/level1/video0.rgb,judder,level1,+0.28209,0.64840,1
classroom,5,classroom:judder_level0,classroom/judder/level0/video0.rgb,judder,level0,+0.28209,0.64840,1
classroom,6,classroom:motion_noise_level2,classroom/motion_noise/level2/video0.rgb,motion_noise,level2,+0.28209,0.64840,1
classroom,7,classroom:dlss_rr_level0,classroom/dlss_rr/level0/video0.rgb,dlss_rr,level0,+0.28209,0.64840,1
classroom,8,classroom:restir_level2,classroom/restir/level2/video0.rgb,restir,level2,+0.00000,0.70711,0
classroom,9,classroom:temporal-resolution-multiplexing_level0,classroom/temporal-resolution-multiplexing/level0/video0.rgb,temporal-resolution-multiplexing,level0,+0.00000,0.70711,0
classroom,10,classroom:stutter_level1,classroom/stutter/level1/video0.rgb,stutter,level1,+0.00000,0.70711,0
classroom,11,classroom:temporal-resolution-multiplexing_level1,classroom/temporal-resolution-multiplexing/level1/video0.rgb,temporal-resolution-multiplexing,level1,+0.00000,0.70711,0
classroom,12,classroom:dlss_rr_level1,classroom/dlss_rr/level1/video0.rgb,dlss_rr,level1,+0.00000,0.70711,0
classroom,13,classroom:dlss_rr_level2,classroom/dlss_rr/level2/video0.rgb,dlss_rr,level2,+0.00000,0.70711,0
classroom,14,classroom:motion_noise_level1,classroom/motion_noise/level1/video0.rgb,motion_noise,level1,+0.00000,0.70711,0
classroom,15,classroom:restir_level1,classroom/restir/level1/video0.rgb,restir,level1,+0.00000,0.70711,0
classroom,16,classroom:stutter_level2,classroom/stutter/level2/video0.rgb,stutter,level2,+0.00000,0.70711,0
classroom,17,classroom:motion_noise_level0,classroom/motion_noise/level0/video0.rgb,motion_noise,level0,+0.00000,0.70711,0
classroom,18,classroom:motion_resolution_level0,classroom/motion_resolution/level0/video0.rgb,motion_resolution,level0,+0.00000,0.70711,0
classroom,19,classroom:motion_resolution_level1,classroom/motion_resolution/level1/video0.rgb,motion_resolution,level1,+0.00000,0.70711,0
classroom,20,classroom:duration_flicker_level1,classroom/duration_flicker/level1/video0.rgb,duration_flicker,level1,+0.00000,0.70711,0
classroom,21,classroom:noise_colors_level1,classroom/noise_colors/level1/video0.rgb,noise_colors,level1,-0.28209,0.64840,1
classroom,22,classroom:temporal-resolution-multiplexing_level2,classroom/temporal-resolution-multiplexing/level2/video0.rgb,temporal-resolution-multiplexing,level2,-0.28209,0.64840,1
classroom,23,classroom:noise_colors_level2,classroom/noise_colors/level2/video0.rgb,noise_colors,level2,-0.28209,0.64840,1
classroom,24,classroom:judder_level2,classroom/judder/level2/video0.rgb,judder,level2,-0.28209,0.64840,1
classroom,25,classroom:motion_resolution_level2,classroom/motion_resolution/level2/video0.rgb,motion_resolution,level2,-0.28209,0.64840,1
classroom,26,classroom:duration_flicker_level2,classroom/duration_flicker/level2/video0.rgb,duration_flicker,level2,-0.28209,0.64840,1
classroom,27,classroom:duration_flicker_level0,classroom/duration_flicker/level0/video0.rgb,duration_flicker,level0,-0.28209,0.64840,1
landscape,1,landscape:noise_colors_level1,landscape/noise_colors/level1/video0.rgb,noise_colors,level1,+0.34884,0.64011,1
landscape,2,landscape:noise_colors_level2,landscape/noise_colors/level2/video0.rgb,noise_colors,level2,+0.28209,0.64840,1
landscape,3,landscape:temporal-resolution-multiplexing_level1,landscape/temporal-resolution-multiplexing/level1/video0.rgb,temporal-resolution-multiplexing,level1,+0.28209,0.64840,1
landscape,4,landscape:judder_level1,landscape/judder/level1/video0.rgb,judder,level1,+0.28209,0.64840,1
landscape,5,landscape:motion_noise_level0,landscape/motion_noise/level0/video0.rgb,motion_noise,level0,+0.28209,0.64840,1
landscape,6,landscape:restir_level1,landscape/restir/level1/video0.rgb,restir,level1,+0.24298,0.65063,1
landscape,7,landscape:temporal-resolution-multiplexing_level2,landscape/temporal-resolution-multiplexing/level2/video0.rgb,temporal-resolution-multiplexing,level2,+0.24298,0.65063,1
landscape,8,landscape:motion_resolution_level1,landscape/motion_resolution/level1/video0.rgb,motion_resolution,level1,+0.24298,0.65063,1
landscape,9,landscape:judder_level0,landscape/judder/level0/video0.rgb,judder,level0,+0.24298,0.65063,1
landscape,10,landscape:motion_noise_level1,landscape/motion_noise/level1/video0.rgb,motion_noise,level1,+0.06140,0.58730,2
landscape,11,landscape:temporal-resolution-multiplexing_level0,landscape/temporal-resolution-multiplexing/level0/video0.rgb,temporal-resolution-multiplexing,level0,+0.00000,0.70711,0
landscape,12,landscape:dlss_rr_level1,landscape/dlss_rr/level1/video0.rgb,dlss_rr,level1,+0.00000,0.70711,0
landscape,13,landscape:judder_level2,landscape/judder/level2/video0.rgb,judder,level2,+0.00000,0.58230,2
landscape,14,landscape:restir_level0,landscape/restir/level0/video0.rgb,restir,level0,+0.00000,0.70711,0
landscape,15,landscape:stutter_level0,landscape/stutter/level0/video0.rgb,stutter,level0,+0.00000,0.70711,0
landscape,16,landscape:stutter_level1,landscape/stutter/level1/video0.rgb,stutter,level1,+0.00000,0.70711,0
landscape,17,landscape:motion_resolution_level2,landscape/motion_resolution/level2/video0.rgb,motion_resolution,level2,+0.00000,0.70711,0
landscape,18,landscape:motion_noise_level2,landscape/motion_noise/level2/video0.rgb,motion_noise,level2,+0.00000,0.70711,0
landscape,19,landscape:noise_colors_level0,landscape/noise_colors/level0/video0.rgb,noise_colors,level0,+0.00000,0.70711,0
landscape,20,landscape:dlss_rr_level2,landscape/dlss_rr/level2/video0.rgb,dlss_rr,level2,-0.06140,0.58730,2
landscape,21,landscape:stutter_level2,landscape/stutter/level2/video0.rgb,stutter,level2,-0.28209,0.64840,1
landscape,22,landscape:dlss_rr_level0,landscape/dlss_rr/level0/video0.rgb,dlss_rr,level0,-0.28209,0.64840,1
landscape,23,landscape:motion_resolution_level0,landscape/motion_resolution/level0/video0.rgb,motion_resolution,level0,-0.28209,0.64840,1
landscape,24,landscape:duration_flicker_level2,landscape/duration_flicker/level2/video0.rgb,duration_flicker,level2,-0.28209,0.64840,1
landscape,25,landscape:duration_flicker_level0,landscape/duration_flicker/level0/video0.rgb,duration_flicker,level0,-0.34884,0.64011,1
landscape,26,landscape:restir_level2,landscape/restir/level2/video0.rgb,restir,level2,-0.48597,0.60798,2
landscape,27,landscape:duration_flicker_level1,landscape/duration_flicker/level1/video0.rgb,duration_flicker,level1,-0.48597,0.60798,2
marbles,1,marbles:restir_level0,marbles/restir/level0/video0.rgb,restir,level0,+0.37929,0.63643,1
marbles,2,marbles:judder_level0,marbles/judder/level0/video0.rgb,judder,level0,+0.32902,0.64207,1
marbles,3,marbles:noise_colors_level1,marbles/noise_colors/level1/video0.rgb,noise_colors,level1,+0.28209,0.64840,1
marbles,4,marbles:judder_level2,marbles/judder/level2/video0.rgb,judder,level2,+0.28209,0.64840,1
marbles,5,marbles:temporal-resolution-multiplexing_level0,marbles/temporal-resolution-multiplexing/level0/video0.rgb,temporal-resolution-multiplexing,level0,+0.23517,0.65132,1
marbles,6,marbles:duration_flicker_level0,marbles/duration_flicker/level0/video0.rgb,duration_flicker,level0,+0.20687,0.55712,3
marbles,7,marbles:temporal-resolution-multiplexing_level1,marbles/temporal-resolution-multiplexing/level1/video0.rgb,temporal-resolution-multiplexing,level1,+0.00000,0.70711,0
marbles,8,marbles:noise_colors_level2,marbles/noise_colors/level2/video0.rgb,noise_colors,level2,+0.00000,0.70711,0
marbles,9,marbles:temporal-resolution-multiplexing_level2,marbles/temporal-resolution-multiplexing/level2/video0.rgb,temporal-resolution-multiplexing,level2,+0.00000,0.70711,0
marbles,10,marbles:stutter_level2,marbles/stutter/level2/video0.rgb,stutter,level2,+0.00000,0.70711,0
marbles,11,marbles:stutter_level1,marbles/stutter/level1/video0.rgb,stutter,level1,+0.00000,0.70711,0
marbles,12,marbles:dlss_rr_level0,marbles/dlss_rr/level0/video0.rgb,dlss_rr,level0,+0.00000,0.70711,0
marbles,13,marbles:dlss_rr_level2,marbles/dlss_rr/level2/video0.rgb,dlss_rr,level2,+0.00000,0.70711,0
marbles,14,marbles:restir_level2,marbles/restir/level2/video0.rgb,restir,level2,+0.00000,0.70711,0
marbles,15,marbles:noise_colors_level0,marbles/noise_colors/level0/video0.rgb,noise_colors,level0,+0.00000,0.70711,0
marbles,16,marbles:motion_noise_level1,marbles/motion_noise/level1/video0.rgb,motion_noise,level1,+0.00000,0.70711,0
marbles,17,marbles:motion_noise_level0,marbles/motion_noise/level0/video0.rgb,motion_noise,level0,+0.00000,0.70711,0
marbles,18,marbles:motion_noise_level2,marbles/motion_noise/level2/video0.rgb,motion_noise,level2,+0.00000,0.70711,0
marbles,19,marbles:motion_resolution_level1,marbles/motion_resolution/level1/video0.rgb,motion_resolution,level1,+0.00000,0.70711,0
marbles,20,marbles:duration_flicker_level1,marbles/duration_flicker/level1/video0.rgb,duration_flicker,level1,+0.00000,0.70711,0
marbles,21,marbles:judder_level1,marbles/judder/level1/video0.rgb,judder,level1,+0.00000,0.70711,0
marbles,22,marbles:dlss_rr_level1,marbles/dlss_rr/level1/video0.rgb,dlss_rr,level1,-0.03494,0.59604,2
marbles,23,marbles:stutter_level0,marbles/stutter/level0/video0.rgb,stutter,level0,-0.28209,0.64840,1
marbles,24,marbles:restir_level1,marbles/restir/level1/video0.rgb,restir,level1,-0.28209,0.64840,1
marbles,25,marbles:motion_resolution_level0,marbles/motion_resolution/level0/video0.rgb,motion_resolution,level0,-0.29308,0.64352,1
marbles,26,marbles:duration_flicker_level2,marbles/duration_flicker/level2/video0.rgb,duration_flicker,level2,-0.29308,0.64352,1
marbles,27,marbles:motion_resolution_level2,marbles/motion_resolution/level2/video0.rgb,motion_resolution,level2,-0.52925,0.60275,2
pink_room,1,pink_room:restir_level1,pink_room/restir/level1/video0.rgb,restir,level1,+0.28209,0.64840,1
pink_room,2,pink_room:judder_level2,pink_room/judder/level2/video0.rgb,judder,level2,+0.28209,0.64840,1
pink_room,3,pink_room:noise_colors_level0,pink_room/noise_colors/level0/video0.rgb,noise_colors,level0,+0.28209,0.64840,1
pink_room,4,pink_room:temporal-resolution-multiplexing_level0,pink_room/temporal-resolution-multiplexing/level0/video0.rgb,temporal-resolution-multiplexing,level0,+0.00000,0.70711,0
pink_room,5,pink_room:stutter_level1,pink_room/stutter/level1/video0.rgb,stutter,level1,+0.00000,0.70711,0
pink_room,6,pink_room:restir_level2,pink_room/restir/level2/video0.rgb,restir,level2,+0.00000,0.70711,0
pink_room,7,pink_room:stutter_level0,pink_room/stutter/level0/video0.rgb,stutter,level0,+0.00000,0.70711,0
pink_room,8,pink_room:noise_colors_level2,pink_room/noise_colors/level2/video0.rgb,noise_colors,level2,+0.00000,0.70711,0
pink_room,9,pink_room:restir_level0,pink_room/restir/level0/video0.rgb,restir,level0,+0.00000,0.70711,0
pink_room,10,pink_room:temporal-resolution-multiplexing_level1,pink_room/temporal-resolution-multiplexing/level1/video0.rgb,temporal-resolution-multiplexing,level1,+0.00000,0.70711,0
pink_room,11,pink_room:temporal-resolution-multiplexing_level2,pink_room/temporal-resolution-multiplexing/level2/video0.rgb,temporal-resolution-multiplexing,level2,+0.00000,0.70711,0
pink_room,12,pink_room:judder_level1,pink_room/judder/level1/video0.rgb,judder,level1,+0.00000,0.70711,0
pink_room,13,pink_room:noise_colors_level1,pink_room/noise_colors/level1/video0.rgb,noise_colors,level1,+0.00000,0.70711,0
pink_room,14,pink_room:motion_resolution_level1,pink_room/motion_resolution/level1/video0.rgb,motion_resolution,level1,+0.00000,0.70711,0
pink_room,15,pink_room:motion_resolution_level2,pink_room/motion_resolution/level2/video0.rgb,motion_resolution,level2,+0.00000,0.70711,0
pink_room,16,pink_room:motion_resolution_level0,pink_room/motion_resolution/level0/video0.rgb,motion_resolution,level0,+0.00000,0.70711,0
pink_room,17,pink_room:motion_noise_level2,pink_room/motion_noise/level2/video0.rgb,motion_noise,level2,+0.00000,0.70711,0
pink_room,18,pink_room:motion_noise_level1,pink_room/motion_noise/level1/video0.rgb,motion_noise,level1,+0.00000,0.70711,0
pink_room,19,pink_room:motion_noise_level0,pink_room/motion_noise/level0/video0.rgb,motion_noise,level0,+0.00000,0.70711,0
pink_room,20,pink_room:dlss_rr_level0,pink_room/dlss_rr/level0/video0.rgb,dlss_rr,level0,+0.00000,0.70711,0
pink_room,21,pink_room:judder_level0,pink_room/judder/level0/video0.rgb,judder,level0,+0.00000,0.70711,0
pink_room,22,pink_room:duration_flicker_level2,pink_room/duration_flicker/level2/video0.rgb,duration_flicker,level2,+0.00000,0.70711,0
pink_room,23,pink_room:dlss_rr_level2,pink_room/dlss_rr/level2/video0.rgb,dlss_rr,level2,+0.00000,0.70711,0
pink_room,24,pink_room:dlss_rr_level1,pink_room/dlss_rr/level1/video0.rgb,dlss_rr,level1,+0.00000,0.70711,0
pink_room,25,pink_room:stutter_level2,pink_room/stutter/level2/video0.rgb,stutter,level2,-0.28209,0.64840,1
pink_room,26,pink_room:duration_flicker_level1,pink_room/duration_flicker/level1/video0.rgb,duration_flicker,level1,-0.28209,0.64840,1
pink_room,27,pink_room:duration_flicker_level0,pink_room/duration_flicker/level0/video0.rgb,duration_flicker,level0,-0.28209,0.64840,1
subway,1,subway:motion_noise_level0,subway/motion_noise/level0/video0.rgb,motion_noise,level0,+0.33620,0.64142,1
subway,2,subway:noise_colors_level0,subway/noise_colors/level0/video0.rgb,noise_colors,level0,+0.28209,0.64840,1
subway,3,subway:motion_noise_level2,subway/motion_noise/level2/video0.rgb,motion_noise,level2,+0.28209,0.64840,1
subway,4,subway:judder_level1,subway/judder/level1/video0.rgb,judder,level1,+0.28209,0.64840,1
subway,5,subway:stutter_level0,subway/stutter/level0/video0.rgb,stutter,level0,+0.24298,0.65063,1
subway,6,subway:duration_flicker_level0,subway/duration_flicker/level0/video0.rgb,duration_flicker,level0,+0.24298,0.65063,1
subway,7,subway:stutter_level1,subway/stutter/level1/video0.rgb,stutter,level1,+0.00000,0.70711,0
subway,8,subway:restir_level1,subway/restir/level1/video0.rgb,restir,level1,+0.00000,0.70711,0
subway,9,subway:noise_colors_level2,subway/noise_colors/level2/video0.rgb,noise_colors,level2,+0.00000,0.70711,0
subway,10,subway:stutter_level2,subway/stutter/level2/video0.rgb,stutter,level2,+0.00000,0.70711,0
subway,11,subway:temporal-resolution-multiplexing_level0,subway/temporal-resolution-multiplexing/level0/video0.rgb,temporal-resolution-multiplexing,level0,+0.00000,0.70711,0
subway,12,subway:duration_flicker_level1,subway/duration_flicker/level1/video0.rgb,duration_flicker,level1,+0.00000,0.70711,0
subway,13,subway:judder_level2,subway/judder/level2/video0.rgb,judder,level2,+0.00000,0.70711,0
subway,14,subway:duration_flicker_level2,subway/duration_flicker/level2/video0.rgb,duration_flicker,level2,+0.00000,0.59439,2
subway,15,subway:noise_colors_level1,subway/noise_colors/level1/video0.rgb,noise_colors,level1,+0.00000,0.70711,0
subway,16,subway:restir_level2,subway/restir/level2/video0.rgb,restir,level2,+0.00000,0.70711,0
subway,17,subway:motion_resolution_level0,subway/motion_resolution/level0/video0.rgb,motion_resolution,level0,+0.00000,0.70711,0
subway,18,subway:motion_noise_level1,subway/motion_noise/level1/video0.rgb,motion_noise,level1,+0.00000,0.70711,0
subway,19,subway:motion_resolution_level1,subway/motion_resolution/level1/video0.rgb,motion_resolution,level1,+0.00000,0.70711,0
subway,20,subway:dlss_rr_level1,subway/dlss_rr/level1/video0.rgb,dlss_rr,level1,+0.00000,0.70711,0
subway,21,subway:dlss_rr_level2,subway/dlss_rr/level2/video0.rgb,dlss_rr,level2,+0.00000,0.70711,0
subway,22,subway:judder_level0,subway/judder/level0/video0.rgb,judder,level0,+0.00000,0.70711,0
subway,23,subway:temporal-resolution-multiplexing_level2,subway/temporal-resolution-multiplexing/level2/video0.rgb,temporal-resolution-multiplexing,level2,-0.28209,0.64840,1
subway,24,subway:restir_level0,subway/restir/level0/video0.rgb,restir,level0,-0.28209,0.64840,1
subway,25,subway:temporal-resolution-multiplexing_level1,subway/temporal-resolution-multiplexing/level1/video0.rgb,temporal-resolution-multiplexing,level1,-0.28209,0.64840,1
subway,26,subway:motion_resolution_level2,subway/motion_resolution/level2/video0.rgb,motion_resolution,level2,-0.33620,0.64142,1
subway,27,subway:dlss_rr_level0,subway/dlss_rr/level0/video0.rgb,dlss_rr,level0,-0.48597,0.60798,2
zeroday,1,zeroday:stutter_level1,zeroday/stutter/level1/video0.rgb,stutter,level1,+0.48597,0.60798,2
zeroday,2,zeroday:restir_level0,zeroday/restir/level0/video0.rgb,restir,level0,+0.34678,0.64032,1
zeroday,3,zeroday:restir_level2,zeroday/restir/level2/video0.rgb,restir,level2,+0.28209,0.64840,1
zeroday,4,zeroday:judder_level2,zeroday/judder/level2/video0.rgb,judder,level2,+0.28209,0.64840,1
zeroday,5,zeroday:noise_colors_level0,zeroday/noise_colors/level0/video0.rgb,noise_colors,level0,+0.28209,0.64840,1
zeroday,6,zeroday:noise_colors_level2,zeroday/noise_colors/level2/video0.rgb,noise_colors,level2,+0.05150,0.58826,2
zeroday,7,zeroday:temporal-resolution-multiplexing_level0,zeroday/temporal-resolution-multiplexing/level0/video0.rgb,temporal-resolution-multiplexing,level0,+0.00000,0.70711,0
zeroday,8,zeroday:noise_colors_level1,zeroday/noise_colors/level1/video0.rgb,noise_colors,level1,+0.00000,0.70711,0
zeroday,9,zeroday:stutter_level0,zeroday/stutter/level0/video0.rgb,stutter,level0,+0.00000,0.70711,0
zeroday,10,zeroday:temporal-resolution-multiplexing_level2,zeroday/temporal-resolution-multiplexing/level2/video0.rgb,temporal-resolution-multiplexing,level2,+0.00000,0.70711,0
zeroday,11,zeroday:temporal-resolution-multiplexing_level1,zeroday/temporal-resolution-multiplexing/level1/video0.rgb,temporal-resolution-multiplexing,level1,+0.00000,0.70711,0
zeroday,12,zeroday:dlss_rr_level1,zeroday/dlss_rr/level1/video0.rgb,dlss_rr,level1,+0.00000,0.70711,0
zeroday,13,zeroday:duration_flicker_level2,zeroday/duration_flicker/level2/video0.rgb,duration_flicker,level2,+0.00000,0.70711,0
zeroday,14,zeroday:motion_resolution_level0,zeroday/motion_resolution/level0/video0.rgb,motion_resolution,level0,+0.00000,0.70711,0
zeroday,15,zeroday:motion_resolution_level2,zeroday/motion_resolution/level2/video0.rgb,motion_resolution,level2,+0.00000,0.70711,0
zeroday,16,zeroday:motion_noise_level1,zeroday/motion_noise/level1/video0.rgb,motion_noise,level1,+0.00000,0.70711,0
zeroday,17,zeroday:motion_noise_level2,zeroday/motion_noise/level2/video0.rgb,motion_noise,level2,+0.00000,0.70711,0
zeroday,18,zeroday:motion_noise_level0,zeroday/motion_noise/level0/video0.rgb,motion_noise,level0,+0.00000,0.70711,0
zeroday,19,zeroday:duration_flicker_level1,zeroday/duration_flicker/level1/video0.rgb,duration_flicker,level1,+0.00000,0.70711,0
zeroday,20,zeroday:dlss_rr_level0,zeroday/dlss_rr/level0/video0.rgb,dlss_rr,level0,+0.00000,0.70711,0
zeroday,21,zeroday:judder_level1,zeroday/judder/level1/video0.rgb,judder,level1,-0.05150,0.58826,2
zeroday,22,zeroday:judder_level0,zeroday/judder/level0/video0.rgb,judder,level0,-0.24298,0.65063,1
zeroday,23,zeroday:stutter_level2,zeroday/stutter/level2/video0.rgb,stutter,level2,-0.24298,0.65063,1
zeroday,24,zeroday:restir_level1,zeroday/restir/level1/video0.rgb,restir,level1,-0.28209,0.64840,1
zeroday,25,zeroday:motion_resolution_level1,zeroday/motion_resolution/level1/video0.rgb,motion_resolution,level1,-0.28209,0.64840,1
zeroday,26,zeroday:dlss_rr_level2,zeroday/dlss_rr/level2/video0.rgb,dlss_rr,level2,-0.28209,0.64840,1
zeroday,27,zeroday:duration_flicker_level0,zeroday/duration_flicker/level0/video0.rgb,duration_flicker,level0,-0.34678,0.64032,1
